"Player","Pos","Team","Current ADP","Old ADP","ADP Change","Ovr Rank","Pos Rank"
"Justin Jefferson","WR","MIN",1.1,1.1,0,1,1
"Ja'Marr Chase","WR","CIN",2.2,2.3,-0.1,2,2
"Christian McCaffrey","RB","SF",3.3,3.2,0.1,3,1
"Tyreek Hill","WR","MIA",4.1,4.3,-0.2,4,3
"Travis Kelce","TE","KC",6.3,6.2,0.1,5,1
"Austin Ekeler","RB","LAC",7,7.3,-0.3,6,2
"Cooper Kupp","WR","LAR",7.1,5.5,1.6,7,4
"Bijan Robinson","RB","ATL",7.6,7.7,-0.1,8,3
"Stefon Diggs","WR","BUF",8.6,8.8,-0.2,9,5
"A.J. Brown","WR","PHI",10.6,10.7,-0.1,10,6
"Nick Chubb","RB","CLE",11.4,11.7,-0.3,11,4
"CeeDee Lamb","WR","DAL",12.2,11.7,0.5,12,7
"Amon-Ra St. Brown","WR","DET",13.5,13.4,0.1,13,8
"Garrett Wilson","WR","NYJ",14,14.6,-0.6,14,9
"Saquon Barkley","RB","NYG",15,14.9,0.1,15,5
"Tony Pollard","RB","DAL",15.6,16.5,-0.9,16,6
"Davante Adams","WR","LV",16.1,15.8,0.3,17,10
"Jaylen Waddle","WR","MIA",19.2,19.2,0,18,11
"Chris Olave","WR","NO",19.8,19.8,0,19,12
"Derrick Henry","RB","TEN",20.5,20.2,0.3,20,7
"Patrick Mahomes","QB","KC",21.2,20.7,0.5,21,1
"DeVonta Smith","WR","PHI",22.7,22.7,0,22,13
"Calvin Ridley","WR","JAX",23.2,24.3,-1.1,23,14
"Jalen Hurts","QB","PHI",24,23.2,0.8,24,2
"Tee Higgins","WR","CIN",26.4,26.3,0.1,25,15
"Josh Jacobs","RB","LV",26.6,30,-3.4,26,8
"Josh Allen","QB","BUF",27.4,26.7,0.7,27,3
"Mark Andrews","TE","BAL",27.7,28.2,-0.5,28,2
"DK Metcalf","WR","SEA",29.1,29.1,0,29,16
"Jahmyr Gibbs","RB","DET",30.5,31.7,-1.2,30,9
"Lamar Jackson","QB","BAL",32.1,32.5,-0.4,31,4
"Amari Cooper","WR","CLE",33.4,33.4,0,32,17
"Deebo Samuel","WR","SF",34.2,35,-0.8,33,18
"Rhamondre Stevenson","RB","NE",34.3,33.7,0.6,34,10
"Keenan Allen","WR","LAC",35,35.7,-0.7,35,19
"DJ Moore","WR","CHI",38,40.3,-2.3,36,20
"Travis Etienne","RB","JAX",38.6,39.7,-1.1,37,11
"Joe Mixon","RB","CIN",39.1,40.1,-1,38,12
"Jonathan Taylor","RB","IND",39.5,26.5,13,39,13
"Christian Watson","WR","GB",39.7,41.4,-1.7,40,21
"Justin Fields","QB","CHI",42.2,43,-0.8,41,5
"Mike Williams","WR","LAC",42.4,44.2,-1.8,42,22
"Najee Harris","RB","PIT",43.5,42.7,0.8,43,14
"Breece Hall","RB","NYJ",44.5,43.1,1.4,44,15
"Drake London","WR","ATL",44.7,45.2,-0.5,45,23
"DeAndre Hopkins","WR","NA",47.5,48,-0.5,46,24
"Joe Burrow","QB","CIN",48.2,48.4,-0.2,47,6
"Aaron Jones","RB","GB",49.4,49.9,-0.5,48,16
"Brandon Aiyuk","WR","SF",49.5,51.4,-1.9,49,25
"Justin Herbert","QB","LAC",51.2,51.7,-0.5,50,7
"Kenneth Walker","RB","SEA",51.3,52.7,-1.4,51,17
"Diontae Johnson","WR","PIT",52.3,55.2,-2.9,52,26
"T.J. Hockenson","TE","MIN",53,53.1,-0.1,53,3
"Terry McLaurin","WR","WAS",54.5,50.5,4,54,27
"Jerry Jeudy","WR","DEN",54.6,42.2,12.4,55,28
"Darren Waller","TE","NYG",55.1,58,-2.9,56,4
"Christian Kirk","WR","JAX",56.3,55,1.3,57,29
"Tyler Lockett","WR","SEA",58.1,59.2,-1.1,58,30
"Alexander Mattison","RB","MIN",59,59.2,-0.2,59,18
"Dameon Pierce","RB","HOU",59,61.7,-2.7,60,19
"Chris Godwin","WR","TB",61.3,62.2,-0.9,61,31
"George Pickens","WR","PIT",61.8,65.9,-4.1,62,32
"Trevor Lawrence","QB","JAX",63.4,63.3,0.1,63,8
"Jahan Dotson","WR","WAS",64.3,68.8,-4.5,64,33
"J.K. Dobbins","RB","BAL",64.7,67.2,-2.5,65,20
"George Kittle","TE","SF",65.7,63.9,1.8,66,5
"Mike Evans","WR","TB",67.3,66,1.3,67,34
"Jaxon Smith-Njigba","WR","SEA",67.9,67.2,0.7,68,35
"Gabe Davis","WR","BUF",68.5,69.1,-0.6,69,36
"James Cook","RB","BUF",70,74.6,-4.6,70,21
"Miles Sanders","RB","CAR",71.6,69.6,2,71,22
"Jordan Addison","WR","MIN",72.6,73.5,-0.9,72,37
"Cam Akers","RB","LAR",73.3,70.7,2.6,73,23
"Marquise Brown","WR","ARI",74,69,5,74,38
"Javonte Williams","RB","DEN",74.1,74.1,0,75,24
"Zay Flowers","WR","BAL",75.1,78.1,-3,76,39
"Michael Pittman","WR","IND",78.1,76,2.1,77,40
"David Montgomery","RB","DET",78.1,78.4,-0.3,78,25
"Kyle Pitts","TE","ATL",78.5,77.5,1,79,6
"Dallas Goedert","TE","PHI",79.6,78.4,1.2,80,7
"James Conner","RB","ARI",82,80,2,81,26
"Alvin Kamara","RB","NO",82.1,82.3,-0.2,82,27
"Rachaad White","RB","TB",83.5,84.6,-1.1,83,28
"Brandin Cooks","WR","DAL",83.9,84.5,-0.6,84,41
"D'Andre Swift","RB","PHI",84.8,84.3,0.5,85,29
"Quentin Johnston","WR","LAC",85.1,83.8,1.3,86,42
"Courtland Sutton","WR","DEN",86.5,90.3,-3.8,87,43
"Deshaun Watson","QB","CLE",89,86.7,2.3,88,9
"Skyy Moore","WR","KC",89.5,90.4,-0.9,89,44
"Isiah Pacheco","RB","KC",89.8,90,-0.2,90,30
"Elijah Moore","WR","CLE",90.1,89.3,0.8,91,45
"Khalil Herbert","RB","CHI",92.5,95.2,-2.7,92,31
"Dalvin Cook","RB","MIN",93.4,93.6,-0.2,93,32
"Tua Tagovailoa","QB","MIA",94.4,93.1,1.3,94,10
"Michael Thomas","WR","NO",95,95.2,-0.2,95,46
"Rashod Bateman","WR","BAL",97.1,98.9,-1.8,96,47
"Evan Engram","TE","JAX",97.5,96.5,1,97,8
"Treylon Burks","WR","TEN",98.6,99,-0.4,98,48
"Antonio Gibson","RB","WAS",99.2,99.2,0,99,33
"Anthony Richardson","QB","IND",99.8,99.8,0,100,11
"Brian Robinson","RB","WAS",101.5,102.7,-1.2,101,34
"Kadarius Toney","WR","KC",103.1,103.2,-0.1,102,49
"AJ Dillon","RB","GB",103.7,102.2,1.5,103,35
"Zach Charbonnet","RB","SEA",104.7,104.1,0.6,104,36
"Pat Freiermuth","TE","PIT",105.8,106.3,-0.5,105,9
"Dak Prescott","QB","DAL",107.1,105.4,1.7,106,12
"Daniel Jones","QB","NYG",107.3,109.6,-2.3,107,13
"Romeo Doubs","WR","GB",107.7,108.5,-0.8,108,50
"Odell Beckham","WR","BAL",110.1,108.9,1.2,109,51
"David Njoku","TE","CLE",110.2,109.7,0.5,110,10
"Jaylen Warren","RB","PIT",112.3,121.5,-9.2,111,37
"Tyler Boyd","WR","CIN",113.8,113.9,-0.1,112,52
"Kirk Cousins","QB","MIN",113.9,112.5,1.4,113,14
"Geno Smith","QB","SEA",114.7,113.7,1,114,15
"JuJu Smith-Schuster","WR","NE",115.4,115.3,0.1,115,53
"Dalton Kincaid","TE","BUF",116.4,116.5,-0.1,116,11
"Samaje Perine","RB","DEN",117.2,116.8,0.4,117,38
"Tank Bigsby","RB","JAX",118.4,119.4,-1,118,39
"Nico Collins","WR","HOU",118.8,119.5,-0.7,119,54
"Rashaad Penny","RB","PHI",119.5,113.2,6.3,120,40
"Aaron Rodgers","QB","NYJ",121.8,120.7,1.1,121,16
"Zay Jones","WR","JAX",122.3,122.1,0.2,122,55
"Jamaal Williams","RB","NO",122.8,121.8,1,123,41
"Marvin Mims","WR","DEN",123.7,140.7,-17,124,56
"Allen Lazard","WR","NYJ",125.6,124.9,0.7,125,57
"Jerick McKinnon","RB","KC",126.2,126.2,0,126,42
"Jameson Williams","WR","DET",128,119.2,8.8,127,58
"Jakobi Meyers","WR","LV",129.1,128.4,0.7,128,59
"Jared Goff","QB","DET",130.6,128.3,2.3,129,17
"Elijah Mitchell","RB","SF",131.1,131,0.1,130,43
"Raheem Mostert","RB","MIA",131.4,140.8,-9.4,131,44
"Devon Achane","RB","MIA",131.8,126.9,4.9,132,45
"Darnell Mooney","WR","CHI",133.5,133.1,0.4,133,60
"Sam LaPorta","TE","DET",136.1,140.9,-4.8,134,12
"Dalton Schultz","TE","HOU",136.5,135,1.5,135,13
"Tyler Higbee","TE","LAR",136.9,137.6,-0.7,136,14
"Damien Harris","RB","BUF",137.8,138.7,-0.9,137,46
"Rashee Rice","WR","KC",139.5,134.1,5.4,138,61
"Tyler Allgeier","RB","ATL",140.7,139.5,1.2,139,47
"Kenneth Gainwell","RB","PHI",141.6,141.2,0.4,140,48
"Marquez Valdes-Scantling","WR","KC",143,143.3,-0.3,141,62
"Russell Wilson","QB","DEN",143.1,136.1,7,142,18
"Van Jefferson","WR","LAR",143.5,143,0.5,143,63
"Adam Thielen","WR","CAR",143.7,156.8,-13.1,144,64
"Ezekiel Elliott","RB","NA",145,143.1,1.9,145,49
"Kenny Pickett","QB","PIT",147,156.9,-9.9,146,19
"Derek Carr","QB","NO",148.2,145.5,2.7,147,20
"Michael Gallup","WR","DAL",149.1,141.4,7.7,148,65
"Cole Kmet","TE","CHI",149.2,147.1,2.1,149,15
"Roschon Johnson","RB","CHI",149.5,151.4,-1.9,150,50
"Jordan Love","QB","GB",150.3,149.1,1.2,151,21
"Jonathan Mingo","WR","CAR",150.9,153.4,-2.5,152,66
"Juwan Johnson","TE","NO",151.3,159.7,-8.4,153,16
"K.J. Osborn","WR","MIN",151.4,148,3.4,154,67
"Chigoziem Okonkwo","TE","TEN",154.2,151.7,2.5,155,17
"Brock Purdy","QB","SF",156.2,160.8,-4.6,156,22
"Tyjae Spears","RB","TEN",157.2,168.3,-11.1,157,51
"Jalin Hyatt","WR","NYG",157.3,160,-2.7,158,68
"Gerald Everett","TE","LAC",157.3,155.3,2,159,18
"Jake Ferguson","TE","DAL",160.1,165.4,-5.3,160,19
"Jayden Reed","WR","GB",160.4,165.2,-4.8,161,69
"Luke Musgrave","TE","GB",162.3,169,-6.7,162,20
"Alec Pierce","WR","IND",162.7,159.1,3.6,163,70
"Sam Howell","QB","WAS",163,173.2,-10.2,164,23
"Jeff Wilson","RB","MIA",166,160.9,5.1,165,52
"Rondale Moore","WR","ARI",168.3,154.2,14.1,166,71
"Kendre Miller","RB","NO",168.5,169.6,-1.1,167,53
"Isaiah Hodgins","WR","NYG",169.3,170.8,-1.5,168,72
"Greg Dulcich","TE","DEN",169.9,159.7,10.2,169,21
"Matthew Stafford","QB","LAR",171.1,167.1,4,170,24
"DJ Chark","WR","CAR",171.9,164.9,7,171,73
"Donovan Peoples-Jones","WR","CLE",172.1,171.2,0.9,172,74
"Devin Singletary","RB","HOU",172.3,168.2,4.1,173,54
"Irv Smith","TE","CIN",174.4,173.9,0.5,174,22
"Curtis Samuel","WR","WAS",176,177.9,-1.9,175,75
"Nathaniel Dell","WR","HOU",177.6,175.6,2,176,76
"Rashid Shaheed","WR","NO",179.5,183.5,-4,177,77
"Deon Jackson","RB","IND",181.3,201.7,-20.4,178,55
"Taysom Hill","TE","NO",183.2,181.9,1.3,179,23
"DeVante Parker","WR","NE",183.3,184.6,-1.3,180,78
"Deuce Vaughn","RB","DAL",185.2,186.8,-1.6,181,56
"Bryce Young","QB","CAR",186,191.4,-5.4,182,25
"Chuba Hubbard","RB","CAR",186.6,191.2,-4.6,183,57
"Dawson Knox","TE","BUF",186.7,186.9,-0.2,184,24
"Kareem Hunt","RB","NA",186.8,187,-0.2,185,58
"Hunter Henry","TE","NE",187.4,187.9,-0.5,186,25
"Zamir White","RB","LV",189.1,168,21.1,187,59
"Gus Edwards","RB","BAL",189.4,186.2,3.2,188,60
"Justyn Ross","WR","KC",190,193.6,-3.6,189,79
"Tyler Conklin","TE","NYJ",191.1,192.6,-1.5,190,26
"Hunter Renfrow","WR","LV",193,199.2,-6.2,191,80
"Kyler Murray","QB","ARI",193.2,166.8,26.4,192,26
"Michael Wilson","WR","ARI",195.2,196.1,-0.9,193,81
"Darius Slayton","WR","NYG",195.8,196,-0.2,194,82
"Ty Chandler","RB","MIN",196.3,200.8,-4.5,195,61
"Jerome Ford","RB","CLE",196.8,189.9,6.9,196,62
"D'Onta Foreman","RB","CHI",198.3,179.6,18.7,197,63
"Parris Campbell","WR","NYG",200,194.9,5.1,198,83
"Clyde Edwards-Helaire","RB","KC",200.4,203.1,-2.7,199,64
"Ryan Tannehill","QB","TEN",200.7,200.1,0.6,200,27
"Evan Hull","RB","IND",202.9,213.6,-10.7,201,65
"Hayden Hurst","TE","CAR",203,199.1,3.9,202,27
"Joshua Palmer","WR","LAC",203.3,211.9,-8.6,203,84
"Jimmy Garoppolo","QB","LV",203.4,202.7,0.7,204,28
"Mecole Hardman","WR","NYJ",203.9,201.8,2.1,205,85
"Michael Mayer","TE","LV",204.5,205.4,-0.9,206,28
"Desmond Ridder","QB","ATL",205.2,205.1,0.1,207,29
"Zack Moss","RB","IND",205.3,214.9,-9.6,208,66
"C.J. Stroud","QB","HOU",207.3,206.9,0.4,209,30
"Isaiah Likely","TE","BAL",208.1,209,-0.9,210,29
"Kyren Williams","RB","LAR",208.4,212.8,-4.4,211,67
"Richie James","WR","KC",209,205.7,3.3,212,86
"Chase Claypool","WR","CHI",209.1,209.7,-0.6,213,87
"Josh Downs","WR","IND",209.4,211.9,-2.5,214,88
"Mac Jones","QB","NE",210.1,209.8,0.3,215,31
"Cade Otton","TE","TB",210.3,213.3,-3,216,30
"Sean Tucker","RB","TB",210.8,214.8,-4,217,68
"Joshua Kelley","RB","LAC",211.2,214.6,-3.4,218,69
"Baker Mayfield","QB","TB",211.4,212.3,-0.9,219,32
"Wan'Dale Robinson","WR","NYG",211.6,215.3,-3.7,220,89
"John Metchie","WR","HOU",212.3,204.8,7.5,221,90
"Robert Woods","WR","HOU",212.5,211,1.5,222,91
"Mack Hollins","WR","ATL",212.6,213.5,-0.9,223,92
"Puka Nacua","WR","LAR",212.6,213.2,-0.6,224,93
"Zach Ertz","TE","ARI",212.7,204.9,7.8,225,31
"Noah Fant","TE","SEA",212.7,212.2,0.5,226,32
"Allen Robinson","WR","PIT",213.3,214,-0.7,227,94
"Deonte Harty","WR","BUF",213.4,214.7,-1.3,228,95
"Calvin Austin","WR","PIT",213.7,213,0.7,229,96
"Cordarrelle Patterson","RB","ATL",213.7,210.6,3.1,230,70
"Mike Gesicki","TE","NE",214.3,214.5,-0.2,231,33
"Keaontay Ingram","RB","ARI",214.3,214.4,-0.1,232,71
"Trey McBride","TE","ARI",214.4,213.4,1,233,34
"Leonard Fournette","RB","NA",214.5,211.2,3.3,234,72
"Cole Turner","TE","WAS",214.5,214.4,0.1,235,35
"Rico Dowdle","RB","DAL",214.5,215.6,-1.1,236,73
"Kendrick Bourne","WR","NE",214.7,215.4,-0.7,237,97
"Josh Reynolds","WR","DET",214.7,214.6,0.1,238,98
"Randall Cobb","WR","NYJ",214.8,215.8,-1,239,99
"Trey Palmer","WR","TB",214.9,215.4,-0.5,240,100
"Chris Evans","RB","CIN",215,211.7,3.3,241,74
"Tutu Atwell","WR","LAR",215,215.5,-0.5,242,101
"Khalil Shakir","WR","BUF",215.1,210.6,4.5,243,102
"Cedric Tillman","WR","CLE",215.1,214.6,0.5,244,103
"Chase Brown","RB","CIN",215.1,214.6,0.5,245,75
"Marvin Jones","WR","DET",215.3,214.8,0.5,246,104
"Myles Gaskin","RB","MIA",215.4,216,-0.6,247,76
"Quez Watkins","WR","PHI",215.5,215.6,-0.1,248,105
"Latavius Murray","RB","BUF",215.5,214.9,0.6,249,77
"Durham Smythe","TE","MIA",215.5,215.6,-0.1,250,36
"Isaiah Spiller","RB","LAC",215.6,215.4,0.2,251,78
"Pierre Strong","RB","NE",215.6,216,-0.4,252,79
"Logan Thomas","TE","WAS",215.6,215.8,-0.2,253,37
"Dyami Brown","WR","WAS",215.7,215.7,0,254,106
"Adam Trautman","TE","DEN",215.7,215.5,0.2,255,38
"Justice Hill","RB","BAL",215.7,215.8,-0.1,256,80
"Terrace Marshall","WR","CAR",215.7,215.7,0,257,107
"Braxton Berrios","WR","MIA",215.7,215.8,-0.1,258,108
"Chase Edmonds","RB","TB",215.7,215.6,0.1,259,81
"Jimmy Graham","TE","NA",215.7,216,-0.3,260,39
"Jauan Jennings","WR","SF",215.8,215.9,-0.1,261,109
"Tyquan Thornton","WR","NE",215.8,215.6,0.2,262,110
"Jelani Woods","TE","IND",215.8,215,0.8,263,40
"Jalen Tolbert","WR","DAL",215.8,215.8,0,264,111
"Demario Douglas","WR","NE",215.8,215.9,-0.1,265,112
"Darnell Washington","TE","PIT",215.8,215.8,0,266,41
"Kayshon Boutte","WR","NE",215.8,215.8,0,267,113
"Jordan Mason","RB","SF",215.8,215.9,-0.1,268,82
"Trent Sherfield","WR","BUF",215.8,215.7,0.1,269,114
"A.T. Perry","WR","NO",215.9,215.8,0.1,270,115
"Salvon Ahmed","RB","MIA",215.9,216,-0.1,271,83
"Nelson Agholor","WR","BAL",215.9,215.9,0,272,116
"Sterling Shepard","WR","NYG",215.9,215.9,0,273,117
"Matt Breida","RB","NYG",215.9,215.9,0,274,84
"Noah Gray","TE","KC",215.9,215.9,0,275,42
"Albert Okwuegbunam","TE","DEN",215.9,216,-0.1,276,43
"Daniel Bellinger","TE","NYG",215.9,215.8,0.1,277,44
"Luke Schoonmaker","TE","DAL",215.9,215.9,0,278,45
"Nick Westbrook-Ikhine","WR","TEN",215.9,216,-0.1,279,118
"Sam Darnold","QB","SF",215.9,215.9,0,280,33
"Trey Lance","QB","SF",215.9,215.8,0.1,281,34
"Kalif Raymond","WR","DET",215.9,215.8,0.1,282,119
"Joshua Dobbs","QB","CLE",215.9,216,-0.1,283,35
"Trayveon Williams","RB","CIN",215.9,216,-0.1,284,85
"Laviska Shenault","WR","CAR",215.9,215.9,0,285,120
"Justin Watson","WR","KC",215.9,215.8,0.1,286,121
"Greg Dortch","WR","ARI",215.9,215.9,0,287,122
"Isaiah McKenzie","WR","IND",215.9,216,-0.1,288,123
"Samori Toure","WR","GB",215.9,216,-0.1,289,124
"Austin Hooper","TE","LV",215.9,216,-0.1,290,46
"Olamide Zaccheaus","WR","PHI",215.9,216,-0.1,291,125
"Michael Carter","RB","NYJ",215.9,215.9,0,292,86
"Robert Tonyan","TE","CHI",215.9,215.9,0,293,47
"Andy Dalton","QB","CAR",215.9,216,-0.1,294,36
"Aidan O'Connell","QB","LV",215.9,215.8,0.1,295,37
"Andrei Iosivas","WR","CIN",216,216,0,296,126
"Chris Rodriguez","RB","WAS",216,216,0,297,87
"DeWayne McBride","RB","MIN",216,215.9,0.1,298,88
"Jake Bobo","WR","SEA",216,216,0,299,127
"Tre Tucker","WR","LV",216,216,0,300,128
"Israel Abanikanda","RB","NYJ",216,216,0,301,89
"Tyler Scott","WR","CHI",216,216,0,302,129
"Boston Scott","RB","PHI",216,216,0,303,90
"Kylen Granson","TE","IND",216,216,0,304,48
"Will Levis","QB","TEN",216,216,0,305,38
"Cedrick Wilson","WR","MIA",216,216,0,306,130
"Will Dissly","TE","SEA",216,215.9,0.1,307,49
"Zach Wilson","QB","NYJ",216,216,0,308,39
"Ronnie Bell","WR","SF",216,216,0,309,131
"Dee Wiggins","WR","NA",216,216,0,310,132
"Tom Brady","QB","NA",216,216,0,311,40
"Raheem Blackshear","RB","CAR",216,216,0,312,91
"Ronald Jones","RB","DAL",216,216,0,313,92
"Taylor Heinicke","QB","ATL",216,216,0,314,41
"Zach Evans","RB","LAR",216,215.9,0.1,315,93
"Dontayvion Wicks","WR","GB",216,216,0,316,133
"Trenton Irwin","WR","CIN",216,216,0,317,134
"Mo Alie-Cox","TE","IND",216,216,0,318,50
"Brandon Johnson","WR","DEN",216,216,0,319,135
"Davis Allen","TE","LAR",216,216,0,320,51
"Mike White","QB","MIA",216,216,0,321,42
"Stetson Bennett","QB","LAR",216,216,0,322,43
"Tajae Sharpe","WR","NA",216,216,0,323,136
"Ihmir Smith-Marsette","WR","KC",216,216,0,324,137
"Marquez Callaway","WR","DEN",216,215.9,0.1,325,138
"Malik Davis","RB","DAL",216,215.8,0.2,326,94
"Kevin Harris","RB","NE",216,216,0,327,95
"Chosen Anderson","WR","MIA",216,216,0,328,139
"Jamal Agnew","WR","JAX",216,216,0,329,140
"Charlie Jones","WR","CIN",216,216,0,330,141
"Tucker Kraft","TE","GB",216,216,0,331,52
"Ben Skowronek","WR","LAR",216,216,0,332,142
"C.J. Uzomah","TE","NYJ",216,216,0,333,53
"Tyrion Davis-Price","RB","SF",216,216,0,334,96
"JaMycal Hasty","RB","JAX",216,216,0,335,97
"Devin Duvernay","WR","BAL",216,216,0,336,143
"Marcus Mariota","QB","PHI",216,216,0,337,44
"Drew Sample","TE","CIN",216,216,0,338,54
"Malik Willis","QB","TEN",216,216,0,339,45
"Jameis Winston","QB","NO",216,216,0,340,46
"Clayton Tune","QB","ARI",216,216,0,341,47
"Dorian Thompson-Robinson","QB","CLE",216,216,0,342,48
"Erik Krommenhoek","TE","NA",216,216,0,343,55
"Devin Smith","WR","NA",216,216,0,344,144
"Kendric Pryor","WR","JAX",216,216,0,345,145
"Jamize Olawale","RB","NA",216,216,0,346,98
"Melvin Gordon","RB","NA",216,215.9,0.1,347,99
"Connor Heyward","TE","PIT",216,216,0,348,56
"James White","RB","NA",216,216,0,349,100
"Jalen Richard","RB","NA",216,216,0,350,101
"Jaleel Scott","WR","NA",216,216,0,351,146
"Jalen Reagor","WR","MIN",216,216,0,352,147
"Clayton Thorson","QB","NA",216,216,0,353,49
"Kevin White","WR","NA",216,216,0,354,148
"Grant Calcaterra","TE","PHI",216,216,0,355,57
"Nate Sudfeld","QB","DET",216,216,0,356,50
"Jesper Horsted","TE","LV",216,216,0,357,58
"Kenyan Drake","RB","NA",216,215.7,0.3,358,102
"Demarcus Robinson","WR","NA",216,216,0,359,149
"Eric Gray","RB","NYG",216,216,0,360,103
"Noah Brown","WR","HOU",216,216,0,361,150
"Julius Chestnut","RB","TEN",216,216,0,362,104
"Jordan Akins","TE","CLE",216,216,0,363,59
"Donald Parham","TE","LAC",216,216,0,364,60
"Parker Washington","WR","JAX",216,216,0,365,151
"D'Ernest Johnson","RB","JAX",216,216,0,366,105
"DeeJay Dallas","RB","SEA",216,216,0,367,106
"Zack Kuntz","TE","NYJ",216,216,0,368,61
"Colby Parkinson","TE","SEA",216,216,0,369,62
"Foster Moreau","TE","NO",216,216,0,370,63
"Josh Oliver","TE","MIN",216,216,0,371,64
"Marquise Goodwin","WR","CLE",216,216,0,372,152
"Chris Moore","WR","TEN",216,216,0,373,153
"Keaton Mitchell","RB","BAL",216,216,0,374,107
"Kyle Trask","QB","TB",216,216,0,375,51
"Kyle Allen","QB","BUF",216,216,0,376,52
"Kenny McIntosh","RB","SEA",216,216,0,377,108
"Hunter Luepke","RB","DAL",216,216,0,378,109
"Antoine Green","WR","DET",216,216,0,379,154
"Eric Saubert","TE","MIA",216,216,0,380,65
"Anthony McFarland","RB","PIT",216,216,0,381,110
"Ross Dwelley","TE","SF",216,216,0,382,66
"Sean Clifford","QB","GB",216,216,0,383,53
"Dontario Drummond","WR","DAL",216,216,0,384,155
"Corey Davis","WR","NYJ",216,215.3,0.7,385,156
"Xavier Gipson","WR","NYJ",216,216,0,386,157
"Paul Richardson","WR","NA",216,216,0,387,158
"James Robinson","RB","NE",216,216,0,388,111
"Devon Allen","WR","PHI",216,216,0,389,159
"Dwayne Washington","RB","NO",216,216,0,390,112
"Rico Gafford","WR","NA",216,216,0,391,160
"A.J. Richardson","WR","NA",216,216,0,392,161
"Erik Ezukanma","WR","MIA",216,216,0,393,162
"Equanimeous St. Brown","WR","CHI",216,216,0,394,163
"Elijah Cooks","WR","JAX",216,216,0,395,164
"Kirk Merritt","WR","NO",216,216,0,396,165
"Richard Rodgers","TE","NA",216,216,0,397,67
"Spencer Brown","RB","CAR",216,216,0,398,113
"Rakim Jarrett","WR","TB",216,216,0,399,166
"Derius Davis","WR","LAC",216,216,0,400,167
"Peyton Hendershot","TE","DAL",216,216,0,401,68
"Kyle Philips","WR","TEN",216,216,0,402,168
"Ameer Abdullah","RB","LV",216,216,0,403,114
"Ke'Shawn Vaughn","RB","TB",216,216,0,404,115
"Jacoby Brissett","QB","WAS",216,216,0,405,54
"Scotty Miller","WR","ATL",216,216,0,406,169
"Xavier Hutchinson","WR","HOU",216,216,0,407,170
"DeAndre Carter","WR","LV",216,216,0,408,171
"Jonnu Smith","TE","ATL",216,216,0,409,69
"Justin Shorter","WR","BUF",216,216,0,410,172
"Brycen Hopkins","TE","LAR",216,216,0,411,70
"Quintin Morris","TE","BUF",216,216,0,412,71
"Josiah Deguara","TE","GB",216,216,0,413,72
"Brock Wright","TE","DET",216,216,0,414,73
"Andrew Ogletree","TE","IND",216,216,0,415,74
"Tyler Huntley","QB","BAL",216,216,0,416,55
"KhaDarel Hodge","WR","ATL",216,216,0,417,173
"Charlie Kolar","TE","BAL",216,216,0,418,75
"Jalen Guyton","WR","LAC",216,216,0,419,174
"Harrison Bryant","TE","CLE",216,216,0,420,76
"Mitch Trubisky","QB","PIT",216,216,0,421,56
"Jarrett Stidham","QB","DEN",216,216,0,422,57
"Teddy Bridgewater","QB","NA",216,216,0,423,58
"Jake Browning","QB","CIN",216,216,0,424,59
"Blaine Gabbert","QB","KC",216,216,0,425,60
"Gardner Minshew","QB","IND",216,216,0,426,61
"Easton Stick","QB","LAC",216,216,0,427,62
"Teagan Quitoriano","TE","HOU",216,216,0,428,77
"Tyson Bagent","QB","CHI",216,216,0,429,63
"Cooper Rush","QB","DAL",216,216,0,430,64
"Skylar Thompson","QB","MIA",216,216,0,431,65
"Johnny Mundt","TE","MIN",216,216,0,432,78
"Jalen Nailor","WR","MIN",216,216,0,433,175
"Jeremy Ruckert","TE","NYJ",216,216,0,434,79
"Mike Boone","RB","HOU",216,216,0,435,116
"Blake Bell","TE","KC",216,216,0,436,80
"KaVontae Turpin","WR","DAL",216,216,0,437,176
"Denzel Mims","WR","NYJ",216,216,0,438,177
"Tylan Wallace","WR","BAL",216,216,0,439,178
"Pooka Williams","WR","NA",216,216,0,440,179
"Deneric Prince","RB","KC",216,215.9,0.1,441,117
"Lawrence Cager","TE","NYG",216,216,0,442,81
"Rashard Higgins","WR","NA",216,216,0,443,180
"Collin Johnson","WR","NYG",216,216,0,444,181
"Kyle Shurmur","QB","NA",216,216,0,445,66
"Tim Tebow","TE","NA",216,216,0,446,82
"Carson Wentz","QB","NA",216,216,0,447,67
"Keke Coutee","WR","NA",216,216,0,448,182
"DeSean Jackson","WR","NA",216,216,0,449,183
"Jalen Berger","RB","NA",216,216,0,450,118
"Daurice Fountain","WR","CHI",216,216,0,451,184
"Kyle Juszczyk","RB","SF",216,216,0,452,119
"John Wolford","QB","LAR",216,216,0,453,68
"Deuce Watts","WR","GB",216,216,0,454,185
"Ty Montgomery","WR","NE",216,216,0,455,186
"Geoff Swaim","TE","NA",216,216,0,456,83
"Matt Bushman","TE","KC",216,216,0,457,84
"La'Mical Perine","RB","KC",216,216,0,458,120
"Craig Reynolds","RB","DET",216,216,0,459,121
"Danny Gray","WR","SF",216,216,0,460,187
"Josh Whyle","TE","TEN",216,216,0,461,85
"Brenton Strange","TE","JAX",216,216,0,462,86
"Jody Fortson","TE","KC",216,216,0,463,87
"Will Mallory","TE","IND",216,216,0,464,88
"Cameron Latu","TE","SF",216,216,0,465,89
"Brandon Bolden","RB","LV",216,216,0,466,122
"Deven Thompkins","WR","TB",216,216,0,467,188
"Byron Pringle","WR","NA",216,216,0,468,189
"Tre'Quan Smith","WR","NO",216,216,0,469,190
"Ray-Ray McCloud","WR","SF",216,216,0,470,191
"Zach Pascal","WR","ARI",216,216,0,471,192
"Dax Milne","WR","WAS",216,216,0,472,193
"Mohamed Ibrahim","RB","DET",216,216,0,473,123
"David Bell","WR","CLE",216,216,0,474,194
"Josh Ali","WR","ATL",216,216,0,475,195
"Trey Sermon","RB","PHI",216,216,0,476,124
"Kene Nwangwu","RB","MIN",216,216,0,477,125
"Dante Pettis","WR","CHI",216,216,0,478,196
"Dee Eskridge","WR","SEA",216,216,0,479,197
"Tommy Tremble","TE","CAR",216,216,0,480,90
"Eno Benjamin","RB","NO",216,216,0,481,126
"Payne Durham","TE","TB",216,216,0,482,91
"Travis Homer","RB","CHI",216,216,0,483,127
"Tyrod Taylor","QB","NYG",216,216,0,484,69
"John Bates","TE","WAS",216,216,0,485,92
"Gary Brightwell","RB","NYG",216,216,0,486,128
"Mitchell Tinsley","WR","WAS",216,216,0,487,198
"Nick Mullens","QB","MIN",216,216,0,488,70
"Xazavian Valladay","RB","HOU",216,216,0,489,129
"Hassan Haskins","RB","TEN",216,216,0,490,130
"Kearis Jackson","WR","TEN",216,216,0,491,199
"Reggie Gilliam","RB","BUF",216,216,0,492,131
"Elijah Higgins","WR","MIA",216,216,0,493,200
"Ian Thomas","TE","CAR",216,216,0,494,93
"Drew Lock","QB","SEA",216,216,0,495,71
"Joseph Ngata","WR","PHI",216,216,0,496,201
"Davis Mills","QB","HOU",216,216,0,497,72
"Matt Corral","QB","CAR",216,216,0,498,73
"Matt Landers","WR","SEA",216,216,0,499,202
"C.J. Beathard","QB","JAX",216,216,0,500,74
"Brian Hoyer","QB","LV",216,216,0,501,75
"Lew Nichols","RB","GB",216,216,0,502,132
"Colton Dowell","WR","TEN",216,216,0,503,203
"Hendon Hooker","QB","DET",216,216,0,504,76
"Mason Rudolph","QB","NA",216,216,0,505,77
"Jermar Jefferson","RB","DET",216,216,0,506,133
"Josh Johnson","WR","NA",216,216,0,507,204
"Case Keenum","QB","HOU",216,216,0,508,78
"Brayden Willis","TE","SF",216,216,0,509,94
"Keilahn Harris","WR","ATL",216,216,0,510,205
"Trestan Ebner","RB","CHI",216,216,0,511,134
"Jake Haener","QB","NO",216,216,0,512,79
"Sam Ehlinger","QB","IND",216,216,0,513,80
"Noah Gindorff","TE","SEA",216,216,0,514,95
"Giovanni Ricci","TE","CAR",216,216,0,515,96
"Ko Kieft","TE","TB",216,216,0,516,97
"SaRodorick Thompson","RB","NO",216,216,0,517,135
"Tanner Morgan","QB","PIT",216,216,0,518,81
"Tre' McKitty","TE","LAC",216,216,0,519,98
"Jack Stoll","TE","PHI",216,216,0,520,99
"Anthony Schwartz","WR","CLE",216,216,0,521,206
"Brevin Jordan","TE","HOU",216,216,0,522,100
"Trent Taylor","WR","CIN",216,216,0,523,207
"Velus Jones","WR","CHI",216,216,0,524,208
"Max Duggan","QB","LAC",216,216,0,525,82
"Michael Woods","WR","CLE",216,216,0,526,209
"Travis Vokolek","TE","BAL",216,216,0,527,101
"Ricky Seals-Jones","TE","NA",216,216,0,528,102
"Malik Cunningham","QB","NE",216,216,0,529,83
"Gunner Olszewski","WR","PIT",216,216,0,530,210
"Tyler Kroft","TE","MIA",216,216,0,531,103
"Brandon Powell","WR","MIN",216,216,0,532,211
"Tanner McKee","QB","PHI",216,216,0,533,84
"Jaren Hall","QB","MIN",216,216,0,534,85
"Dare Ogunbowale","RB","HOU",216,216,0,535,136
"Reggie Begelton","WR","NA",216,216,0,536,212
"Christian Blake","WR","NA",216,216,0,537,213
"Aaron Fuller","WR","NA",216,216,0,538,214
"Thomas Hennigan","WR","NA",216,216,0,539,215
"Johnny Johnson","WR","HOU",216,216,0,540,216
"Tyler Johnson","WR","LV",216,216,0,541,217
"Steven Mitchell","WR","NA",216,216,0,542,218
"Darece Roberson","WR","NA",216,216,0,543,219
"De'Anthony Thomas","WR","NA",216,216,0,544,220
"JoJo Ward","WR","NA",216,216,0,545,221
"Kristian Wilkerson","WR","IND",216,216,0,546,222
"Lujuan Winningham","WR","NA",216,216,0,547,223
"Frank Ladson","WR","NA",216,216,0,548,224
"Miller Forristall","TE","NO",216,216,0,549,104
"Darrell Daniels","TE","NA",216,216,0,550,105
"Cary Angeline","TE","NA",216,216,0,551,106
"ZaQuandre White","RB","NA",216,216,0,552,137
"Theo Riddick","RB","NA",216,216,0,553,138
"Jeremy Cox","RB","NA",216,216,0,554,139
"Ryan Fitzpatrick","QB","NA",216,216,0,555,86
"Javon Wims","WR","ARI",216,216,0,556,225
"Brandon Zylstra","WR","NA",216,216,0,557,226
"Andrew Beck","RB","HOU",216,216,0,558,140
"Chris Myarick","RB","NYG",216,216,0,559,141
"Demetric Felton","RB","CLE",216,216,0,560,142
"Chad Henne","QB","NA",216,216,0,561,87
"Adam Prentice","RB","NO",216,216,0,562,143
"Jake Bargas","RB","NA",216,216,0,563,144
"Robert Griffin","QB","NA",216,216,0,564,88
"Nathan Peterman","QB","CHI",216,216,0,565,89
"Cole Kelley","QB","NA",216,216,0,566,90
"Kennedy Brooks","RB","PHI",216,216,0,567,145
"Matt Colburn","RB","NA",216,216,0,568,146
"Tyler Ervin","RB","NA",216,216,0,569,147
"Bryce Love","RB","NA",216,216,0,570,148
"Adrian Peterson","RB","NA",216,216,0,571,149
"Stevie Scott","RB","NA",216,216,0,572,150
"Wendell Smallwood","RB","NA",216,216,0,573,151
"Master Teague","RB","PIT",216,216,0,574,152
"Aca'Cedric Ware","RB","NA",216,216,0,575,153
"Jordan Wilkins","RB","NA",216,216,0,576,154
"Connor Davis","TE","NA",216,216,0,577,107
"Blake Jarwin","TE","NA",216,216,0,578,108
"Dre Miller","TE","NYG",216,216,0,579,109
"Keelan Cole","WR","NA",216,216,0,580,227
"Chris Conley","WR","SF",216,216,0,581,228
"Keelan Doss","WR","LAC",216,216,0,582,229
"Emeka Emezie","WR","NA",216,216,0,583,230
"Drew Estrada","WR","HOU",216,216,0,584,231
"Shelton Gibson","WR","NA",216,216,0,585,232
"Cyril Grayson","WR","NA",216,216,0,586,233
"DeMichael Harris","WR","NA",216,216,0,587,234
"Keith Kirkwood","WR","NO",216,216,0,588,235
"Dallas Daniels","WR","DEN",216,216,0,589,236
"Zach Gentry","TE","PIT",216,216,0,590,110
"Julio Jones","WR","NA",216,216,0,591,237
"Dillon Stoner","WR","NA",216,216,0,592,238
"Albert Wilson","WR","NA",216,216,0,593,239
"Tyler Shough","QB","NA",216,216,0,594,91
"Tavion Thomas","RB","NA",216,216,0,595,155
"Keilan Robinson","RB","NA",216,216,0,596,156
"Jacob Cowing","WR","NA",216,216,0,597,240
"Kyle Patterson","TE","NA",216,216,0,598,111
"Hunter Long","TE","LAR",216,216,0,599,112
"Daniel Brown","TE","NA",216,216,0,600,113
"Kwamie Lassiter","WR","CIN",216,216,0,601,241
"Keith Smith","RB","ATL",216,216,0,602,157
"J.P. Holtz","TE","NA",216,216,0,603,114
"Mikey Daniel","RB","NA",216,216,0,604,158
"Brandon Peters","QB","NA",216,216,0,605,92
"Reggie Bonnafon","RB","NA",216,216,0,606,159
"Jason Huntley","RB","PIT",216,216,0,607,160
"Anthony Sherman","RB","NA",216,216,0,608,161
"Christian Wade","RB","NA",216,216,0,609,162
"Daniel Crawford","TE","NA",216,216,0,610,115
"Tommy Hudson","TE","NA",216,216,0,611,116
"Alize Mack","TE","NA",216,216,0,612,117
"Chris Pierce","TE","ARI",216,216,0,613,118
"Bernhard Seikovits","TE","ARI",216,216,0,614,119
"Demaryius Thomas","TE","NA",216,216,0,615,120
"Jeff Badet","WR","NA",216,216,0,616,242
"Corey Coleman","WR","NA",216,216,0,617,243
"Ethan Fernea","WR","IND",216,216,0,618,244
"Jon'Vea Johnson","WR","NA",216,216,0,619,245
"Jake Kumerow","WR","NA",216,216,0,620,246
"Osirus Mitchell","WR","NA",216,216,0,621,247
"Neil Pau'u","WR","NA",216,216,0,622,248
"Easop Winston","WR","SEA",216,216,0,623,249
"Michael Pratt","QB","NA",216,216,0,624,93
"Miles Boykin","WR","PIT",216,216,0,625,250
"Jahleel Billingsley","TE","NA",216,216,0,626,121
"Tommy Sweeney","TE","NYG",216,216,0,627,122
"Juwann Winfree","WR","NA",216,216,0,628,251
"Sammy Watkins","WR","NA",216,216,0,629,252
"Zonovan Knight","RB","NYJ",216,216,0,630,163
"Marcus Johnson","WR","NA",216,216,0,631,253
"Ryan Griffin","QB","NA",216,216,0,632,94
"Jeff Smith","WR","NYJ",216,216,0,633,254
"Luke Farrell","TE","JAX",216,216,0,634,123
"DeShone Kizer","QB","NA",216,216,0,635,95
"BJ Baylor","RB","ATL",216,216,0,636,164
"Jaret Patterson","RB","NA",216,216,0,637,165
"A.J. Rose","RB","NA",216,216,0,638,166
"Spencer Ware","RB","NA",216,216,0,639,167
"Nate Becker","TE","NA",216,216,0,640,124
"Hunter Bryant","TE","NA",216,216,0,641,125
"Darion Clark","TE","NA",216,216,0,642,126
"Xavier Grimble","TE","NA",216,216,0,643,127
"Hale Hentges","TE","NA",216,216,0,644,128
"Charles Jones","TE","NA",216,216,0,645,129
"Tyler Mabry","TE","SEA",216,216,0,646,130
"Stephen Guidry","WR","NA",216,216,0,647,255
"De'Quan Hampton","WR","NA",216,216,0,648,256
"Jeremiah Haydel","WR","NA",216,216,0,649,257
"Warren Jackson","WR","NA",216,216,0,650,258
"Jarvis Landry","WR","NA",216,216,0,651,259
"David Moore","WR","NA",216,216,0,652,260
"Kevin Austin","WR","JAX",216,216,0,653,261
"Manasseh Bailey","WR","NA",216,216,0,654,262
"Deon Cain","WR","NA",216,216,0,655,263
"Jalen Camp","WR","HOU",216,216,0,656,264
"Dez Bryant","WR","NA",216,216,0,657,265
"Jamison Crowder","WR","NYG",216,216,0,658,266
"Dai'Jean Dixon","WR","NA",216,216,0,659,267
"Simi Fehoko","WR","DAL",216,216,0,660,268
"Isaiah Ford","WR","NA",216,216,0,661,269
"Larry Fitzgerald","WR","NA",216,216,0,662,270
"Jakeem Grant","WR","CLE",216,216,0,663,271
"Allen Hurns","WR","NA",216,216,0,664,272
"Tyshaun James","WR","NA",216,216,0,665,273
"Cade Johnson","WR","SEA",216,216,0,666,274
"Chris Lacy","WR","LV",216,216,0,667,275
"Riley Lees","WR","NA",216,216,0,668,276
"Jaydon Mickens","WR","NYG",216,216,0,669,277
"Samson Nacua","WR","NA",216,216,0,670,278
"Joe Reed","WR","CHI",216,216,0,671,279
"Scotty Washington","WR","NE",216,216,0,672,280
"Austin Watkins","WR","NA",216,216,0,673,281
"Isaiah Zuber","WR","NA",216,216,0,674,282
"Deamonte Trayanum","RB","NA",216,216,0,675,168
"Shaun Shivers","RB","NA",216,216,0,676,169
"Dontay Demus","WR","BAL",216,216,0,677,283
"Cornelius Johnson","WR","NA",216,216,0,678,284
"Jyaire Shorter","WR","NA",216,216,0,679,285
"Johnny Stanton","RB","NA",216,216,0,680,170
"DaeSean Hamilton","WR","NA",216,216,0,681,286
"Mike Harley","WR","CLE",216,216,0,682,287
"Ishmael Hyman","WR","NA",216,216,0,683,288
"Henry Ruggs","WR","NA",216,216,0,684,289
"Devin Ross","WR","NA",216,216,0,685,290
"Chris Thompson","RB","NA",216,216,0,686,171
"Cody White","WR","PIT",216,216,0,687,291
"EJ Smith","RB","NA",216,216,0,688,172
"Keylon Stokes","WR","NA",216,216,0,689,292
"Marcus Kemp","WR","WAS",216,216,0,690,293
"Russell Gage","WR","TB",216,216,0,691,294
"Nyheim Hines","RB","BUF",216,216,0,692,173
"Shane Zylstra","TE","DET",216,216,0,693,131
"Antonio Brown","WR","NA",216,216,0,694,295
"Tyrie Cleveland","WR","PHI",216,216,0,695,296
"Dalyn Dawkins","RB","NA",216,216,0,696,174
"Drew Brees","QB","NA",216,216,0,697,96
"Jacob Copeland","WR","TEN",216,216,0,698,297
"Cody Hollister","WR","TEN",216,216,0,699,298
"C.J. Ham","RB","MIN",216,216,0,700,175
"Kendall Blanton","TE","KC",216,216,0,701,132
"Sean McKeon","TE","DAL",216,216,0,702,133
"Matthew Slater","WR","NE",216,216,0,703,299
"Tory Carter","RB","NA",216,216,0,704,176
"Anthony Brown","QB","BAL",216,216,0,705,97
"Case Cookus","QB","NA",216,216,0,706,98
"Jake Fromm","QB","WAS",216,216,0,707,99
"Kevin Hogan","QB","NA",216,216,0,708,100
"Alex Tanney","QB","NA",216,216,0,709,101
"Patrick Carr","RB","NA",216,216,0,710,177
"Gerrid Doaks","RB","HOU",216,216,0,711,178
"Ricky Person","RB","NA",216,216,0,712,179
"Scottie Phillips","RB","NA",216,216,0,713,180
"Mekhi Sargent","RB","NA",216,216,0,714,181
"DeAndre Torrey","RB","NA",216,216,0,715,182
"Darwin Thompson","RB","NA",216,216,0,716,183
"Damien Williams","RB","NA",216,216,0,717,184
"Nick Guggemos","TE","GB",216,216,0,718,134
"Dax Raymond","TE","NA",216,216,0,719,135
"Tavon Austin","WR","NA",216,216,0,720,300
"Matt Cole","WR","NA",216,216,0,721,301
"Jaron Brown","WR","NA",216,216,0,722,302
"Derrick Dillon","WR","NA",216,216,0,723,303
"Bailey Gaither","WR","NA",216,216,0,724,304
"Travis Fulgham","WR","NA",216,216,0,725,305
"Juwan Green","WR","NA",216,216,0,726,306
"Alexander Hollins","WR","NA",216,216,0,727,307
"Rob Gronkowski","TE","NA",216,216,0,728,136
"KJ Hamler","WR","DEN",216,216,0,729,308
"Dontrell Hilliard","RB","NA",216,216,0,730,185
"Darrell Henderson","RB","NA",216,216,0,731,186
"Brandon Allen","QB","NA",216,216,0,732,102
"Ben Braunecker","TE","NA",216,216,0,733,137
"Shi Smith","WR","CAR",216,216,0,734,309
"Jacob Hollister","TE","NA",216,216,0,735,138
"Ty Johnson","RB","NA",216,216,0,736,187
"Colt McCoy","QB","ARI",216,216,0,737,103
"Chase Daniel","QB","NA",216,216,0,738,104
"Ryan Nall","RB","NA",216,216,0,739,188
"Sewo Olonilua","RB","NA",216,216,0,740,189
"Jeff Driskel","QB","ARI",216,216,0,741,105
"Jacob Dolegala","QB","NA",216,216,0,742,106
"Ryan Finley","QB","NA",216,216,0,743,107
"Colin Kaepernick","QB","NA",216,216,0,744,108
"Josh McCown","QB","NA",216,216,0,745,109
"Kellen Mond","QB","CLE",216,216,0,746,110
"Bryce Perkins","QB","LAR",216,216,0,747,111
"Alex Smith","QB","NA",216,216,0,748,112
"Brian Lewerke","QB","NA",216,216,0,749,113
"Devonta Freeman","RB","NA",216,216,0,750,190
"Royce Freeman","RB","NA",216,216,0,751,191
"Jake Funk","RB","IND",216,216,0,752,192
"Brenden Knox","RB","NA",216,216,0,753,193
"Sincere McCormick","RB","LV",216,216,0,754,194
"Taquan Mizzell","RB","NA",216,216,0,755,195
"T.J. Pledger","RB","NA",216,216,0,756,196
"Jacques Patrick","RB","NA",216,216,0,757,197
"Jaylen Samuels","RB","NA",216,216,0,758,198
"Robert Davis","WR","NA",216,216,0,759,310
"Malik Henry","WR","NA",216,216,0,760,311
"Kai Locksley","WR","NA",216,216,0,761,312
"Antonio Nunn","WR","NA",216,216,0,762,313
"Whop Philyor","WR","NA",216,216,0,763,314
"Makai Polk","WR","NA",216,216,0,764,315
"Jaquarii Roberson","WR","NA",216,216,0,765,316
"Chris Rowland","WR","NA",216,216,0,766,317
"Artavis Scott","WR","NA",216,216,0,767,318
"Tyler Simmons","WR","NA",216,216,0,768,319
"Vyncint Smith","WR","IND",216,216,0,769,320
"Khalil Tate","WR","NA",216,216,0,770,321
"Travis Toivonen","WR","NA",216,216,0,771,322
"John Ursua","WR","NA",216,216,0,772,323
"Jalen Virgil","WR","DEN",216,216,0,773,324
"Binjimen Victor","WR","NA",216,216,0,774,325
"Nsimba Webster","WR","CHI",216,216,0,775,326
"Derrick Willies","WR","NA",216,216,0,776,327
"Derek Wright","WR","CAR",216,216,0,777,328
"Tiyon Evans","RB","LAR",216,216,0,778,199
"TJ Tampa","WR","NA",216,216,0,779,329
"Konata Mumpfield","WR","NA",216,216,0,780,330
"Tyler Harrell","WR","NA",216,216,0,781,331
"Sam James","WR","NA",216,216,0,782,332
"Baylor Cupp","TE","NA",216,216,0,783,139
"MyCole Pruitt","TE","NA",216,216,0,784,140
"Cam Sims","WR","LV",216,216,0,785,333
"David Sills","WR","NYG",216,216,0,786,334
"River Cracraft","WR","MIA",216,216,0,787,335
"Pharaoh Brown","TE","IND",216,216,0,788,141
"Luke McCown","QB","NA",216,216,0,789,114
"E.J. Perry","QB","HOU",216,216,0,790,115
"Le'Veon Bell","RB","NA",216,216,0,791,200
"Trenton Cannon","RB","NA",216,216,0,792,201
"Darius Clark","RB","NA",216,216,0,793,202
"Brittain Brown","RB","LV",216,216,0,794,203
"Wayne Gallman","RB","NA",216,216,0,795,204
"Javian Hawkins","RB","NA",216,216,0,796,205
"Duke Johnson","RB","NA",216,216,0,797,206
"Benny LeMay","RB","NA",216,216,0,798,207
"John Lovett","RB","MIA",216,216,0,799,208
"Lamar Miller","RB","NA",216,216,0,800,209
"Bo Scarbrough","RB","NA",216,216,0,801,210
"Austin Walter","RB","LV",216,216,0,802,211
"CJ Verdell","RB","NA",216,216,0,803,212
"Jerell Adams","TE","NA",216,216,0,804,142
"Rashod Berry","TE","NA",216,216,0,805,143
"Antony Auclair","TE","NA",216,216,0,806,144
"Brandon Dillon","TE","NA",216,216,0,807,145
"Seth DeValve","TE","NA",216,216,0,808,146
"Darren Fells","TE","NA",216,216,0,809,147
"Jeff Heuerman","TE","NA",216,216,0,810,148
"Rysen John","TE","NA",216,216,0,811,149
"Maurice Alexander","WR","DET",216,216,0,812,336
"Jason Witten","TE","NA",216,216,0,813,150
"Omar Bayless","WR","NA",216,216,0,814,337
"John Brown","WR","NA",216,216,0,815,338
"Trevon Clark","WR","NA",216,216,0,816,339
"Pharoh Cooper","WR","ARI",216,216,0,817,340
"Jeff Cotton","WR","GB",216,216,0,818,341
"Michael Dereus","WR","NA",216,216,0,819,342
"Maurice Ffrench","WR","NA",216,216,0,820,343
"Julian Edelman","WR","NA",216,216,0,821,344
"Kaylon Geiger","WR","TB",216,216,0,822,345
"Marvin Hall","WR","NA",216,216,0,823,346
"Ra'Shaun Henry","WR","ATL",216,216,0,824,347
"Travis Jonsen","WR","NA",216,216,0,825,348
"Lance McCutcheon","WR","LAR",216,216,0,826,349
"Terrelle Pryor","WR","NA",216,216,0,827,350
"Cody Thompson","WR","SEA",216,216,0,828,351
"Cameron Ward","QB","NA",216,216,0,829,116
"John Emery","RB","NA",216,216,0,830,213
"Nick Bellore","RB","SEA",216,216,0,831,214
"David Blough","QB","ARI",216,216,0,832,117
"Jack Coan","QB","NA",216,216,0,833,118
"Joe Webb","QB","NA",216,216,0,834,119
"Corey Clement","RB","ARI",216,216,0,835,215
"Nathan Cottrell","RB","NA",216,216,0,836,216
"JaQuan Hardy","RB","NA",216,216,0,837,217
"Tony Jones","RB","DEN",216,216,0,838,218
"Patrick Laird","RB","TB",216,216,0,839,219
"Shaun Beyer","TE","NA",216,216,0,840,151
"Trey Burton","TE","NA",216,216,0,841,152
"Scooter Harrington","TE","NA",216,216,0,842,153
"Josh Pederson","TE","NA",216,216,0,843,154
"Chris Finke","WR","NA",216,216,0,844,352
"T.J. Vasher","WR","NA",216,216,0,845,353
"Connor Wedington","WR","NA",216,216,0,846,354
"Tyrell Williams","WR","NA",216,216,0,847,355
"Jaylon Robinson","WR","NA",216,216,0,848,356
"Xavier Smith","WR","LAR",216,216,0,849,357
"Laquon Treadwell","WR","NA",216,216,0,850,358
"Greg Ward","WR","PHI",216,216,0,851,359
"Jarek Broussard","RB","NA",216,216,0,852,220
"Michael Jefferson","WR","NA",216,216,0,853,360
"Daewood Davis","WR","NA",216,216,0,854,361
"J.J. Koski","WR","NA",216,216,0,855,362
"Kyric McGowan","WR","WAS",216,216,0,856,363
"Ryan Switzer","WR","NA",216,216,0,857,364
"Jase McClellan","RB","NA",216,216,0,858,221
"Jirehl Brock","RB","NA",216,216,0,859,222
"Johnny Wilson","WR","NA",216,216,0,860,365
"Marshon Ford","TE","NA",216,216,0,861,155
"Branden Mack","WR","NA",216,216,0,862,366
"Jalen McCleskey","WR","NA",216,216,0,863,367
"Kalil Pimpleton","WR","NYG",216,216,0,864,368
"Auden Tate","WR","ARI",216,216,0,865,369
"Jordan Veasy","WR","NA",216,216,0,866,370
"Damion Willis","WR","NA",216,216,0,867,371
"Michael Young","WR","NA",216,216,0,868,372
"Alinias Smith","WR","NA",216,216,0,869,373
"Charleston Rambo","WR","NA",216,216,0,870,374
"Duke Williams","WR","NA",216,216,0,871,375
"Isaiah Wright","WR","NA",216,216,0,872,376
"Dominick Blaylock","WR","NA",216,216,0,873,377
"Xavier Williams","WR","NA",216,216,0,874,378
"Grant DuBose","WR","GB",216,216,0,875,379
"Andy Janovich","RB","NA",216,216,0,876,223
"Ian Book","QB","PHI",216,216,0,877,120
"Chris Oladokun","QB","KC",216,216,0,878,121
"Ben Roethlisberger","QB","NA",216,216,0,879,122
"Carson Strong","QB","NA",216,216,0,880,123
"Jashaun Corbin","RB","NYG",216,216,0,881,224
"Patrick DiMarco","RB","NA",216,216,0,882,225
"Brian Hill","RB","NA",216,216,0,883,226
"Shermari Jones","RB","NA",216,216,0,884,227
"Javon Leake","RB","NA",216,216,0,885,228
"Jalin Moore","RB","NA",216,216,0,886,229
"Rod Smith","RB","NA",216,216,0,887,230
"Michael Warren","RB","NA",216,216,0,888,231
"Evan Baylis","TE","NA",216,216,0,889,156
"Josh Babicz","TE","NA",216,216,0,890,157
"Tyler Eifert","TE","NA",216,216,0,891,158
"Tucker Fisk","TE","ATL",216,216,0,892,159
"Farrod Green","TE","NA",216,216,0,893,160
"Kaden Smith","TE","NA",216,216,0,894,161
"Charlie Taumoepeau","TE","NA",216,216,0,895,162
"Ross Travis","TE","NA",216,216,0,896,163
"Josh Bellamy","WR","NA",216,216,0,897,380
"Shemar Bridges","WR","BAL",216,216,0,898,381
"Brennan Eagles","WR","NA",216,216,0,899,382
"Penny Hart","WR","NA",216,216,0,900,383
"Trishton Jackson","WR","MIN",216,216,0,901,384
"Willie Johnson","WR","NA",216,216,0,902,385
"Jake Lampman","WR","NA",216,216,0,903,386
"Austin Mack","WR","NA",216,216,0,904,387
"Ryan McDaniel","WR","NA",216,216,0,905,388
"Caleb Scott","WR","NA",216,216,0,906,389
"T.J. Simmons","WR","NA",216,216,0,907,390
"Corey Sutton","WR","NA",216,216,0,908,391
"Dede Westbrook","WR","NA",216,216,0,909,392
"Jalen Wayne","WR","BUF",216,216,0,910,393
"Thomas Greaney","TE","CLE",216,216,0,911,164
"Gee Scott","TE","NA",216,216,0,912,165
"Leonard Taylor","TE","JAX",216,216,0,913,166
"Britain Covey","WR","PHI",216,216,0,914,394
"Mason Kinsey","WR","TEN",216,216,0,915,395
"Cullen Gillaspia","RB","NA",216,216,0,916,232
"Alec Ingold","RB","MIA",216,216,0,917,233
"Marcedes Lewis","TE","NA",216,216,0,918,167
"Sony Michel","RB","NA",216,216,0,919,234
"Jakob Johnson","RB","LV",216,216,0,920,235
"Nick Bawden","RB","NYJ",216,216,0,921,236
"Gabe Nabers","RB","NA",216,216,0,922,237
"K.J. Costello","QB","NA",216,216,0,923,124
"Danny Etling","QB","GB",216,216,0,924,125
"Jake Luton","QB","NO",216,216,0,925,126
"Matt Schaub","QB","NA",216,216,0,926,127
"Josh Adams","RB","NA",216,216,0,927,238
"Greg Bell","RB","NA",216,216,0,928,239
"Devontae Booker","RB","NA",216,216,0,929,240
"Tyler Goodson","RB","GB",216,216,0,930,241
"Pete Guerriero","RB","NA",216,216,0,931,242
"Xavier Jones","RB","NA",216,216,0,932,243
"Dion Lewis","RB","NA",216,216,0,933,244
"Alfred Morris","RB","NA",216,216,0,934,245
"Devine Ozigbo","RB","NA",216,216,0,935,246
"Elijhaa Penny","RB","NA",216,216,0,936,247
"Ty'Son Williams","RB","ARI",216,216,0,937,248
"Ben Koyack","TE","NA",216,216,0,938,168
"Justin Johnson","TE","NA",216,216,0,939,169
"Jared Pinkney","TE","NA",216,216,0,940,170
"Quintez Cephus","WR","NA",216,216,0,941,396
"Chris Tyree","RB","NA",216,216,0,942,249
"Jordan Johnson","WR","NA",216,216,0,943,397
"Jaden Walley","WR","NA",216,216,0,944,398
"Michael Bandy","WR","NA",216,216,0,945,399
"Mason Fairchild","TE","NA",216,216,0,946,171
"Patrick Ricard","RB","BAL",216,216,0,947,250
"Ronnie Rivers","RB","LAR",216,216,0,948,251
"Bruce Miller","RB","NA",216,216,0,949,252
"Tayon Fleet-Davis","RB","NA",216,216,0,950,253
"Rodney Adams","WR","NA",216,216,0,951,400
"Calvin Jackson","WR","NA",216,216,0,952,401
"Donte Moncrief","WR","NA",216,216,0,953,402
"Chester Rogers","WR","NA",216,216,0,954,403
"C.J. Saunders","WR","CAR",216,216,0,955,404
"Roman Wilson","WR","NA",216,216,0,956,405
"Bryce Ford-Wheaton","WR","NYG",216,216,0,957,406
"Corey Rucker","WR","NA",216,216,0,958,407
"Sean Shaw","WR","NA",216,216,0,959,408
"DJ Turner","WR","LV",216,216,0,960,409
"Kurt Benkert","QB","NA",216,216,0,961,128
"Jarrett Guarantano","QB","DEN",216,216,0,962,129
"Otis Anderson","RB","NA",216,216,0,963,254
"Max Borghi","RB","NA",216,216,0,964,255
"LeVante Bellamy","RB","NA",216,216,0,965,256
"Abram Smith","RB","NA",216,216,0,966,257
"Briley Moore","TE","NA",216,216,0,967,172
"Cheyenne O'Grady","TE","NA",216,216,0,968,173
"John Raine","TE","ATL",216,216,0,969,174
"Dylan Soehner","TE","NA",216,216,0,970,175
"Jeremy Sprinkle","TE","NA",216,216,0,971,176
"Alex Bachman","WR","HOU",216,216,0,972,410
"Antonio Callaway","WR","DAL",216,216,0,973,411
"Darius Jennings","WR","NA",216,216,0,974,412
"Seth Roberts","WR","NA",216,216,0,975,413
"Taywan Taylor","WR","NA",216,216,0,976,414
"Bo Nix","QB","NA",216,216,0,977,130
"Jared Wayne","WR","HOU",216,216,0,978,415
"A.J. Green","WR","NA",216,216,0,979,416
"Ben Sims","TE","MIN",216,216,0,980,177
"C.J. Johnson","WR","SEA",216,216,0,981,417
"Ajou Ajou","WR","NA",216,216,0,982,418
"Travis Dye","RB","NYJ",216,216,0,983,258
"Elijah Holyfield","RB","CIN",216,216,0,984,259
"Mark Ingram","RB","NA",216,216,0,985,260
"Jalen Cropper","WR","NA",216,216,0,986,419
"Jacob Eason","QB","CAR",216,216,0,987,131
"Blake Proehl","WR","MIN",216,216,0,988,420
"Khari Blasingame","RB","CHI",216,216,0,989,261
"Carl Tucker","RB","NA",216,216,0,990,262
"Ben DiNucci","QB","NA",216,216,0,991,132
"D'Eriq King","QB","NA",216,216,0,992,133
"Philip Rivers","QB","NA",216,216,0,993,134
"Logan Woodside","QB","ATL",216,216,0,994,135
"Javorius Allen","RB","NA",216,216,0,995,263
"Rodney Anderson","RB","NA",216,216,0,996,264
"Carlos Hyde","RB","NA",216,216,0,997,265
"Adrian Killins","RB","NA",216,216,0,998,266
"Tyreik McAllister","RB","DEN",216,216,0,999,267
"Graham Adomitis","TE","NA",216,216,0,1000,178
"Jacob Breeland","TE","NA",216,216,0,1001,179
"Nick Eubanks","TE","NA",216,216,0,1002,180
"Jaeden Graham","TE","NA",216,216,0,1003,181
"Jordan Matthews","TE","NA",216,216,0,1004,182
"Codey McElroy","TE","NA",216,216,0,1005,183
"Thomas Odukoya","TE","TEN",216,216,0,1006,184
"Tyrone Swoopes","TE","NA",216,216,0,1007,185
"Jaelon Darden","WR","CLE",216,216,0,1008,421
"John Franklin","WR","NA",216,216,0,1009,422
"Gary Jennings","WR","NA",216,216,0,1010,423
"Isaiah McKoy","WR","NA",216,216,0,1011,424
"Aaron Parker","WR","NA",216,216,0,1012,425
"Shawn Poindexter","WR","NA",216,216,0,1013,426
"Trey Quinn","WR","NA",216,216,0,1014,427
"Mathew Sexton","WR","NA",216,216,0,1015,428
"DeAndre Thompkins","WR","NA",216,216,0,1016,429
"Mike Thomas","WR","BAL",216,216,0,1017,430
"Diontae Spencer","WR","NYJ",216,216,0,1018,431
"Dalton Schoen","WR","NA",216,216,0,1019,432
"Mohamed Sanu","WR","NA",216,216,0,1020,433
"Frank Darby","WR","ATL",216,216,0,1021,434
"Tim Patrick","WR","DEN",216,216,0,1022,435
"Deontay Burnett","WR","NA",216,216,0,1023,436
"Joe Flacco","QB","NA",216,216,0,1024,136
"Kameron Brown","WR","NA",216,216,0,1025,437
"Devin Asiasi","TE","CIN",216,216,0,1026,186
"Tyree Jackson","TE","PHI",216,216,0,1027,187
"Dez Fitzpatrick","WR","PIT",216,216,0,1028,438
"Clint Ratkovich","RB","ATL",216,216,0,1029,268
"Parker Hesse","TE","ATL",216,216,0,1030,188
"Kendall Hinton","WR","DEN",216,216,0,1031,439
"Kyle Rudolph","TE","NA",216,216,0,1032,189
"Tyler Davis","TE","GB",216,216,0,1033,190
"Snoop Conner","RB","JAX",216,216,0,1034,269
"Trevor Siemian","QB","NA",216,216,0,1035,137
"Michael Burton","RB","DEN",216,216,0,1036,270
"Patrick Taylor","RB","GB",216,216,0,1037,271
"Dennis Houston","WR","DAL",216,216,0,1038,440
"Taiwan Jones","RB","NA",216,216,0,1039,272
"Tommy Bohanon","RB","NA",216,216,0,1040,273
"Matt Moore","QB","NA",216,216,0,1041,138
"Tavien Feaster","RB","NA",216,216,0,1042,274
"D.J. Foster","RB","NA",216,216,0,1043,275
"Artavis Pierce","RB","NA",216,216,0,1044,276
"Nick Ralston","RB","NA",216,216,0,1045,277
"Jordan Scarlett","RB","NA",216,216,0,1046,278
"Darrel Williams","RB","NA",216,216,0,1047,279
"Stephen Carlson","TE","NA",216,216,0,1048,191
"Derek Carrier","TE","NA",216,216,0,1049,192
"Jake Hausmann","TE","NA",216,216,0,1050,193
"Bug Howard","TE","NA",216,216,0,1051,194
"Lucas Krull","TE","NO",216,216,0,1052,195
"Kyle Markway","TE","NA",216,216,0,1053,196
"Ja'Marcus Bradley","WR","PIT",216,216,0,1054,441
"Cole Wick","TE","NA",216,216,0,1055,197
"Jake Tonges","TE","CHI",216,216,0,1056,198
"Lee Smith","TE","NA",216,216,0,1057,199
"Matt Seybert","TE","NA",216,216,0,1058,200
"Gabe Holmes","TE","NA",216,216,0,1059,201
"Garrett Griffin","TE","NA",216,216,0,1060,202
"Jaylon Moore","WR","JAX",216,216,0,1061,442
"Bailey Zappe","QB","NE",216,216,0,1062,139
"James Proche","WR","BAL",216,216,0,1063,443
"Garrett Gilbert","QB","NE",216,216,0,1064,140
"Devlin Hodges","QB","NA",216,216,0,1065,141
"Marcus Santos-Silva","TE","NA",216,216,0,1066,203
"Alex Taylor","TE","NA",216,216,0,1067,204
"Mark Vital","TE","NA",216,216,0,1068,205
"Delanie Walker","TE","NA",216,216,0,1069,206
"Mason Schreck","TE","HOU",216,216,0,1070,207
"Jalen Brooks","WR","DAL",216,216,0,1071,444
"Isaiah Davis","RB","NA",216,216,0,1072,280
"Jadon Haselwood","WR","PHI",216,216,0,1073,445
"Mitchell Wilcox","TE","NA",216,216,0,1074,208
"Tanner Hudson","TE","CIN",216,216,0,1075,209
"Armani Rogers","TE","WAS",216,216,0,1076,210
"Bryan Edwards","WR","NO",216,216,0,1077,446
"Stephen Sullivan","TE","CAR",216,216,0,1078,211
"Dezmon Patmon","WR","BUF",216,216,0,1079,447
"Josh Hokit","RB","NA",216,216,0,1080,281
"Ben Mason","RB","BAL",216,216,0,1081,282
"Blake Bortles","QB","NA",216,216,0,1082,142
"Dwayne Haskins","QB","NA",216,216,0,1083,143
"Josh Love","QB","NA",216,216,0,1084,144
"Giovani Bernard","RB","NA",216,216,0,1085,283
"Jordan Chunn","RB","NA",216,216,0,1086,284
"Mataeo Durant","RB","NA",216,216,0,1087,285
"CJ Marable","RB","NA",216,216,0,1088,286
"Bilal Powell","RB","NA",216,216,0,1089,287
"D'Vonte Price","RB","NA",216,216,0,1090,288
"Aaron Shampklin","RB","IND",216,216,0,1091,289
"Rodney Smith","RB","NA",216,216,0,1092,290
"DeAndre Washington","RB","NA",216,216,0,1093,291
"James O'Shaughnessy","TE","NA",216,216,0,1094,212
"Tony Poljan","TE","NA",216,216,0,1095,213
"Sage Surratt","TE","NA",216,216,0,1096,214
"Clive Walford","TE","NA",216,216,0,1097,215
"Dominick Wood-Anderson","TE","NA",216,216,0,1098,216
"Rodney Williams","TE","PIT",216,216,0,1099,217
"Geronimo Allison","WR","NA",216,216,0,1100,448
"Travis Benjamin","WR","NA",216,216,0,1101,449
"Slade Bolden","WR","NA",216,216,0,1102,450
"Kaden Davis","WR","NA",216,216,0,1103,451
"Trevor Davis","WR","NA",216,216,0,1104,452
"Alex Erickson","WR","WAS",216,216,0,1105,453
"DeVonte Dedmon","WR","NA",216,216,0,1106,454
"Andy Isabella","WR","BAL",216,216,0,1107,455
"Anthony Johnson","WR","NA",216,216,0,1108,456
"Kevin Kassis","WR","NA",216,216,0,1109,457
"J.J. Nelson","WR","NA",216,216,0,1110,458
"Andre Roberts","WR","NA",216,216,0,1111,459
"Kevin Shaa","WR","NA",216,216,0,1112,460
"Brandon Smith","WR","NA",216,216,0,1113,461
"Tyler Vaughns","WR","NA",216,216,0,1114,462
"Devon Williams","WR","NA",216,216,0,1115,463
"Justin Jackson","RB","NA",216,216,0,1116,292
"Tim Jones","WR","JAX",216,216,0,1117,464
"Montrell Washington","WR","DEN",216,216,0,1118,465
"Tanner Conner","TE","MIA",216,216,0,1119,218
"Ryquell Armstead","RB","NA",216,216,0,1120,293
"Trey Edmunds","RB","NA",216,216,0,1121,294
"Buddy Howell","RB","NA",216,216,0,1122,295
"LeSean McCoy","RB","NA",216,216,0,1123,296
"Senorise Perry","RB","NA",216,216,0,1124,297
"Cameron Scarlett","RB","NA",216,216,0,1125,298
"Ryan Becker","TE","NA",216,216,0,1126,219
"Marcus Baugh","TE","NA",216,216,0,1127,220
"Jake Butt","TE","NA",216,216,0,1128,221
"Troy Fumagalli","TE","NA",216,216,0,1129,222
"Cole Hikutini","TE","NA",216,216,0,1130,223
"Curtis Hodges","TE","WAS",216,216,0,1131,224
"Ryan Izzo","TE","NA",216,216,0,1132,225
"Bronson Kaufusi","TE","NA",216,216,0,1133,226
"Thaddeus Moss","TE","NA",216,216,0,1134,227
"John Hightower","WR","LAC",216,216,0,1135,466
"Reece Horn","WR","NA",216,216,0,1136,467
"Tommylee Lewis","WR","NA",216,216,0,1137,468
"Jaylen Smith","WR","NA",216,216,0,1138,469
"Tyler Snead","WR","NA",216,216,0,1139,470
"James Washington","WR","NO",216,216,0,1140,471
"Isaiah Weston","WR","CLE",216,216,0,1141,472
"Chad Williams","WR","NA",216,216,0,1142,473
"Payton Thorne","QB","NA",216,216,0,1143,145
"Josh Vann","WR","CAR",216,216,0,1144,474
"Zach Heins","TE","NA",216,216,0,1145,228
"J.D. McKissic","RB","NA",216,216,0,1146,299
"Jordan Franks","TE","NA",216,216,0,1147,229
"T.Y. Hilton","WR","NA",216,216,0,1148,475
"Malcolm Brown","RB","NA",216,216,0,1149,300
"Tom Kennedy","WR","DET",216,216,0,1150,476
"Damiere Byrd","WR","CAR",216,216,0,1151,477
"Jeremiah Hall","RB","NA",216,216,0,1152,301
"Jason Cabinda","RB","DET",216,216,0,1153,302
"Chandler Cox","RB","NA",216,216,0,1154,303
"Dan Vitale","RB","NA",216,216,0,1155,304
"Matt Barkley","QB","BUF",216,216,0,1156,146
"Davis Cheek","QB","NA",216,216,0,1157,147
"Nick Foles","QB","NA",216,216,0,1158,148
"Mike Glennon","QB","NA",216,216,0,1159,149
"Brett Hundley","QB","NA",216,216,0,1160,150
"Anthony Gordon","QB","NA",216,216,0,1161,151
"Sean Mannion","QB","NA",216,216,0,1162,152
"Trace McSorley","QB","NE",216,216,0,1163,153
"Alex McGough","QB","NA",216,216,0,1164,154
"Jordan Ta'amu","QB","NA",216,216,0,1165,155
"Ryan Willis","QB","NA",216,216,0,1166,156
"Darius Bradwell","RB","NA",216,216,0,1167,305
"Derrius Guice","RB","NA",216,216,0,1168,306
"Tre Harbison","RB","NA",216,216,0,1169,307
"Karan Higdon","RB","NA",216,216,0,1170,308
"Bryant Koback","RB","NA",216,216,0,1171,309
"Khalfani Muhammad","RB","NA",216,216,0,1172,310
"Roosevelt Nix","RB","NA",216,216,0,1173,311
"Sandro Platzgummer","RB","NA",216,216,0,1174,312
"Mike Weber","RB","NA",216,216,0,1175,313
"Nick Bowers","TE","CIN",216,216,0,1176,230
"Cole Fotheringham","TE","LV",216,216,0,1177,231
"Chris Herndon","TE","NA",216,216,0,1178,232
"Dylan Parham","TE","NA",216,216,0,1179,233
"Jamal Pettigrew","TE","NA",216,216,0,1180,234
"Isaac Nauta","TE","NA",216,216,0,1181,235
"Joshua Perkins","TE","NA",216,216,0,1182,236
"Stone Smartt","TE","LAC",216,216,0,1183,237
"Jordan Reed","TE","NA",216,216,0,1184,238
"Thomas Ives","WR","NA",216,216,0,1185,478
"Bisi Johnson","WR","NA",216,216,0,1186,479
"Brandon Lewis","WR","NA",216,216,0,1187,480
"Taysir Mack","WR","NA",216,216,0,1188,481
"Noah Cain","RB","NA",216,216,0,1189,314
"Rome Odunze","WR","NA",216,216,0,1190,482
"Julian Fleming","WR","NA",216,216,0,1191,483
"Nathan Rourke","QB","JAX",216,216,0,1192,157
"Dan Arnold","TE","PHI",216,216,0,1193,239
"Paul Quessenberry","RB","NA",216,216,0,1194,315
"Caleb Huntley","RB","ATL",216,216,0,1195,316
"Rex Burkhead","RB","NA",216,216,0,1196,317
"Nick Boyle","TE","NA",216,216,0,1197,240
"Chris Manhertz","TE","DEN",216,216,0,1198,241
"Troy Hairston","RB","HOU",216,216,0,1199,318
"Kenny Yeboah","TE","NYJ",216,216,0,1200,242
"Cole McDonald","QB","NA",216,216,0,1201,158
"Tommy Stevens","QB","NA",216,216,0,1202,159
"Tyler Badie","RB","DEN",216,216,0,1203,319
"Kenjon Barner","RB","NA",216,216,0,1204,320
"B.J. Emmons","RB","NA",216,216,0,1205,321
"Jordan Howard","RB","NA",216,216,0,1206,322
"Todd Gurley","RB","NA",216,216,0,1207,323
"T.J. Logan","RB","NA",216,216,0,1208,324
"Larry Rountree","RB","LAC",216,216,0,1209,325
"De'Montre Tuggle","RB","NA",216,216,0,1210,326
"Kerrith Whyte","RB","NA",216,216,0,1211,327
"Roger Carter","TE","NA",216,216,0,1212,243
"Jerome Cunningham","TE","NA",216,216,0,1213,244
"Jack Doyle","TE","NA",216,216,0,1214,245
"Josh Hill","TE","NA",216,216,0,1215,246
"Artayvious Lynn","TE","NA",216,216,0,1216,247
"Andrew Vollert","TE","NA",216,216,0,1217,248
"Maxx Williams","TE","NA",216,216,0,1218,249
"Jalen Wydermyer","TE","IND",216,216,0,1219,250
"Ethan Wolf","TE","NA",216,216,0,1220,251
"Nick Vannett","TE","NYG",216,216,0,1221,252
"Kawaan Baker","WR","NO",216,216,0,1222,484
"Stanley Berryhill","WR","DET",216,216,0,1223,485
"Reggie Davis","WR","NA",216,216,0,1224,486
"Jerrion Ealy","WR","KC",216,216,0,1225,487
"William Fuller","WR","NA",216,216,0,1226,488
"Terry Godwin","WR","NA",216,216,0,1227,489
"Travell Harris","WR","NA",216,216,0,1228,490
"Andre Patton","WR","NA",216,216,0,1229,491
"Andrew Parchment","WR","NA",216,216,0,1230,492
"Malcolm Perry","WR","NA",216,216,0,1231,493
"Cornell Powell","WR","KC",216,216,0,1232,494
"Isaac Whitney","WR","NA",216,216,0,1233,495
"Tyler Van Dyke","QB","NA",216,216,0,1234,160
"Zakhari Franklin","WR","NA",216,216,0,1235,496
"De'Lance Turner","RB","NA",216,216,0,1236,328
"Dexter Williams","RB","NA",216,216,0,1237,329
"T.J. Yeldon","RB","NA",216,216,0,1238,330
"Ben Beise","TE","NA",216,216,0,1239,253
"Dylan Cantrell","TE","NA",216,216,0,1240,254
"Sal Cannella","TE","NA",216,216,0,1241,255
"Jared Cook","TE","NA",216,216,0,1242,256
"Sean Culkin","TE","NA",216,216,0,1243,257
"Eric Ebron","TE","NA",216,216,0,1244,258
"Alex Ellis","TE","NA",216,216,0,1245,259
"Nolan Givan","TE","NA",216,216,0,1246,260
"Temarrick Hemingway","TE","NA",216,216,0,1247,261
"Jesse James","TE","NA",216,216,0,1248,262
"Hunter Kampmoyer","TE","LAC",216,216,0,1249,263
"Brayden Lenius","TE","NA",216,216,0,1250,264
"Khari Lee","TE","NA",216,216,0,1251,265
"Adam Shaheen","TE","NA",216,216,0,1252,266
"Cam Sutton","TE","NA",216,216,0,1253,267
"Matt Sokol","TE","NE",216,216,0,1254,268
"Kahale Warring","TE","NA",216,216,0,1255,269
"DeShon Williams","TE","NA",216,216,0,1256,270
"Deontez Alexander","WR","NA",216,216,0,1257,497
"Danny Amendola","WR","NA",216,216,0,1258,498
"Luke Willson","TE","NA",216,216,0,1259,271
"Jared Bernhardt","WR","ATL",216,216,0,1260,499
"C.J. Board","WR","TEN",216,216,0,1261,500
"Trevon Bradford","WR","NA",216,216,0,1262,501
"Lynn Bowden","WR","NE",216,216,0,1263,502
"Irvin Charles","WR","NYJ",216,216,0,1264,503
"Kekoa Crawford","WR","NA",216,216,0,1265,504
"Davion Davis","WR","NA",216,216,0,1266,505
"Isaiah Coulter","WR","NA",216,216,0,1267,506
"Robert Foster","WR","NA",216,216,0,1268,507
"Johnnie Dixon","WR","NA",216,216,0,1269,508
"Tanner Gentry","WR","NA",216,216,0,1270,509
"Kenny Golladay","WR","NA",216,216,0,1271,510
"Justin Hall","WR","NA",216,216,0,1272,511
"Justin Hardy","WR","NA",216,216,0,1273,512
"Kelvin Harmon","WR","NA",216,216,0,1274,513
"Dontrelle Inman","WR","NA",216,216,0,1275,514
"Bo Melton","WR","GB",216,216,0,1276,515
"John Ross","WR","NA",216,216,0,1277,516
"P.J. Walker","QB","CHI",216,216,0,1278,161
"Cameron Brate","TE","NA",216,216,0,1279,272
"Avery Williams","RB","ATL",216,216,0,1280,331
"Tevin Coleman","RB","NA",216,216,0,1281,332
"Mike Strachan","WR","IND",216,216,0,1282,517
"Brett Rypien","QB","NA",216,216,0,1283,162
"Kevin Rader","TE","TEN",216,216,0,1284,273
"Malik Turner","WR","IND",216,216,0,1285,518
"Tyler Bray","QB","NA",216,216,0,1286,163
"Shane Buechele","QB","KC",216,216,0,1287,164
"Jay Cutler","QB","NA",216,216,0,1288,165
"Reid Sinnett","QB","NA",216,216,0,1289,166
"Nate Stanley","QB","NA",216,216,0,1290,167
"Chris Streveler","QB","NYJ",216,216,0,1291,168
"C.J. Anderson","RB","NA",216,216,0,1292,333
"Josh Rosen","QB","NA",216,216,0,1293,169
"Marlon Mack","RB","NA",216,216,0,1294,334
"Kevin Marks","RB","NA",216,216,0,1295,335
"Dedrick Mills","RB","NA",216,216,0,1296,336
"C.J. Prosise","RB","NA",216,216,0,1297,337
"Devin Funchess","TE","NA",216,216,0,1298,274
"Chase Harrell","TE","NA",216,216,0,1299,275
"Michael Jacobson","TE","NA",216,216,0,1300,276
"Vance McDonald","TE","NA",216,216,0,1301,277
"Nick O'Leary","TE","NA",216,216,0,1302,278
"Jared Scott","TE","NA",216,216,0,1303,279
"Justin Rigg","TE","TEN",216,216,0,1304,280
"Hunter Thedford","TE","NA",216,216,0,1305,281
"Jordan Thomas","TE","NA",216,216,0,1306,282
"Leroy Watson","TE","SF",216,216,0,1307,283
"Trinity Benson","WR","DET",216,216,0,1308,519
"Tarik Black","WR","BAL",216,216,0,1309,520
"Fred Brown","WR","NA",216,216,0,1310,521
"Ventell Bryant","WR","NA",216,216,0,1311,522
"Amara Darboh","WR","NA",216,216,0,1312,523
"Geremy Davis","WR","NA",216,216,0,1313,524
"Quartney Davis","WR","NA",216,216,0,1314,525
"Troy Omeire","WR","NA",216,216,0,1315,526
"Marcell Brooks","WR","NA",216,216,0,1316,527
"Easton Dean","TE","NA",216,216,0,1317,284
"Kemore Gamble","TE","NA",216,216,0,1318,285
"Kamari Averett","TE","NA",216,216,0,1319,286
"Trevon Wesco","TE","TEN",216,216,0,1320,287
"Charlie Woerner","TE","SF",216,216,0,1321,288
"Steven Sims","WR","HOU",216,216,0,1322,528
"Tim Boyle","QB","NYJ",216,216,0,1323,170
"Chase Garbers","QB","LV",216,216,0,1324,171
"Will Grier","QB","DAL",216,216,0,1325,172
"James Morgan","QB","NA",216,216,0,1326,173
"Jalen Morton","QB","NA",216,216,0,1327,174
"Kalen Ballage","RB","NA",216,216,0,1328,338
"Chris Carson","RB","NA",216,216,0,1329,339
"Tarik Cohen","RB","NA",216,216,0,1330,340
"Anthony Firkser","TE","NA",216,216,0,1331,289
"Austin Fort","TE","NA",216,216,0,1332,290
"Nakia Griffin-Stewart","TE","NA",216,216,0,1333,291
"JJ Howland","TE","NA",216,216,0,1334,292
"Luke Stocker","TE","NA",216,216,0,1335,293
"Noah Togiai","TE","ARI",216,216,0,1336,294
"Levine Toilolo","TE","NA",216,216,0,1337,295
"David Wells","TE","TB",216,216,0,1338,296
"Nate Wieting","TE","NA",216,216,0,1339,297
"Daylen Baldwin","WR","CLE",216,216,0,1340,529
"Ashton Dulin","WR","IND",216,216,0,1341,530
"Bennie Fowler","WR","NA",216,216,0,1342,531
"Devin Gray","WR","NA",216,216,0,1343,532
"Josh Hammond","WR","NA",216,216,0,1344,533
"Damon Hazelton","WR","NA",216,216,0,1345,534
"Darvin Kidsy","WR","NA",216,216,0,1346,535
"Anthony Miller","WR","PIT",216,216,0,1347,536
"J'Mon Moore","WR","NA",216,216,0,1348,537
"Austin Proehl","WR","NA",216,216,0,1349,538
"Jerreth Sterns","WR","NA",216,216,0,1350,539
"Malik Taylor","WR","NYJ",216,216,0,1351,540
"Grant Gunnell","QB","NA",216,216,0,1352,175
"Demarkcus Bowman","RB","NA",216,216,0,1353,341
"JaTarvious Whitlow","RB","NA",216,216,0,1354,342
"Derek Watt","RB","NA",216,216,0,1355,343
"Garrett Groshek","RB","NA",216,216,0,1356,344
"Sutton Smith","RB","NA",216,216,0,1357,345
"Kenji Bahar","QB","NA",216,216,0,1358,176
"Kyle Lauletta","QB","NA",216,216,0,1359,177
"Steven Montez","QB","NA",216,216,0,1360,178
"Drew Plitt","QB","NA",216,216,0,1361,179
"Dustin Crum","QB","NA",216,216,0,1362,180
"Drew Stanton","QB","NA",216,216,0,1363,181
"AJ McCarron","QB","NA",216,216,0,1364,182
"Peyton Barber","RB","NA",216,216,0,1365,346
"Kyle Sloter","QB","NA",216,216,0,1366,183
"Leddie Brown","RB","NA",216,216,0,1367,347
"Raymond Calais","RB","NA",216,216,0,1368,348
"Josh Ferguson","RB","NA",216,216,0,1369,349
"Kylin Hill","RB","NA",216,216,0,1370,350
"Godwin Igwebuike","RB","NA",216,216,0,1371,351
"David Johnson","RB","NA",216,216,0,1372,352
"Elijah McGuire","RB","NA",216,216,0,1373,353
"Troymaine Pope","RB","NA",216,216,0,1374,354
"Trey Ragas","RB","NA",216,216,0,1375,355
"Ricky Ortiz","RB","NA",216,216,0,1376,356
"Ito Smith","RB","NA",216,216,0,1377,357
"Jason Croom","TE","NA",216,216,0,1378,298
"Matt LaCosse","TE","NA",216,216,0,1379,299
"Jordan Leggett","TE","NA",216,216,0,1380,300
"Matt Lengel","TE","NA",216,216,0,1381,301
"Bruno Labelle","TE","NA",216,216,0,1382,302
"Pro Wells","TE","NA",216,216,0,1383,303
"Carson Williams","TE","NA",216,216,0,1384,304
"Caleb Wilson","TE","NA",216,216,0,1385,305
"Keshunn Abram","WR","NA",216,216,0,1386,541
"Landen Akers","WR","NA",216,216,0,1387,542
"Marcell Ateman","WR","NA",216,216,0,1388,543
"Chris Blair","WR","NA",216,216,0,1389,544
"Devontres Dukes","WR","NA",216,216,0,1390,545
"Josh Gordon","WR","NA",216,216,0,1391,546
"Emanuel Hall","WR","NA",216,216,0,1392,547
"Dwayne Harris","WR","NA",216,216,0,1393,548
"Krishawn Hogan","WR","NA",216,216,0,1394,549
"Lil'Jordan Humphrey","WR","DEN",216,216,0,1395,550
"Josh Imatorbhebhe","WR","NA",216,216,0,1396,551
"Tevin Jones","WR","NA",216,216,0,1397,552
"Tay Martin","WR","SF",216,216,0,1398,553
"Stanley Morgan","WR","CIN",216,216,0,1399,554
"Josh Pearson","WR","NA",216,216,0,1400,555
"Damion Ratley","WR","NA",216,216,0,1401,556
"Riley Ridley","WR","NA",216,216,0,1402,557
"Reggie Roberson","WR","TEN",216,216,0,1403,558
"Darrius Shepherd","WR","NA",216,216,0,1404,559
"KJ Hill","WR","NA",216,216,0,1405,560
"Kenny Stills","WR","NA",216,216,0,1406,561
"Jaivon Heiligh","WR","NA",216,216,0,1407,562
"Chris Hogan","WR","NA",216,216,0,1408,563
"John Hurst","WR","NA",216,216,0,1409,564
"JaVonta Payton","WR","NA",216,216,0,1410,565
"Braylon Sanders","WR","MIA",216,216,0,1411,566
"Austin Trammell","WR","LAR",216,216,0,1412,567
"Raleigh Webb","WR","NE",216,216,0,1413,568
"Keric Wheatfall","WR","NA",216,216,0,1414,569
"Preston Williams","WR","CAR",216,216,0,1415,570
"James Mitchell","TE","DET",216,216,0,1416,306
"Eric Tomlinson","TE","NA",216,216,0,1417,307
"Luis Perez","QB","NA",216,216,0,1418,184
"Damarea Crockett","RB","DEN",216,216,0,1419,358
"Darrynton Evans","RB","IND",216,216,0,1420,359
"Wes Hills","RB","NA",216,216,0,1421,360
"Darius Jackson","RB","NA",216,216,0,1422,361
"Kerryon Johnson","RB","NA",216,216,0,1423,362
"Nate McCrary","RB","CLE",216,216,0,1424,363
"Jonathan Williams","RB","WAS",216,216,0,1425,364
"Cade Brewer","TE","NA",216,216,0,1426,308
"Derrick Deese","TE","DET",216,216,0,1427,309
"John FitzPatrick","TE","ATL",216,216,0,1428,310
"Virgil Green","TE","NA",216,216,0,1429,311
"Nikola Kalinic","TE","IND",216,216,0,1430,312
"Sammis Reyes","TE","NA",216,216,0,1431,313
"Eli Wolf","TE","NA",216,216,0,1432,314
"Cole Beasley","WR","BUF",216,216,0,1433,571
"Victor Bolden","WR","NA",216,216,0,1434,572
"Austin Carr","WR","NA",216,216,0,1435,573
"Gehrig Dieter","WR","NA",216,216,0,1436,574
"Marcus Green","WR","NA",216,216,0,1437,575
"Marken Michel","WR","NA",216,216,0,1438,576
"De'Mornay Pierson-El","WR","NA",216,216,0,1439,577
"Taulia Tagovailoa","QB","NA",216,216,0,1440,185
"N'Keal Harry","WR","NA",216,216,0,1441,578
"Cam Newton","QB","NA",216,216,0,1442,186
"Darius Anderson","RB","NA",216,216,0,1443,365
"Jonathan Ward","RB","TEN",216,216,0,1444,366
"Chase Allen","TE","CHI",216,216,0,1445,315
"Jake Burt","TE","NA",216,216,0,1446,316
"Dominique Dafney","TE","TB",216,216,0,1447,317
"Grayson Gunter","TE","NA",216,216,0,1448,318
"Demetrius Harris","TE","NA",216,216,0,1449,319
"Daniel Helm","TE","NA",216,216,0,1450,320
"Dalton Keene","TE","PHI",216,216,0,1451,321
"Zaire Mitchell-Paden","TE","CLE",216,216,0,1452,322
"Jhamon Ausbon","WR","NA",216,216,0,1453,579
"Rico Bussey","WR","NA",216,216,0,1454,580
"Jequez Ezzard","WR","NA",216,216,0,1455,581
"Chad Hansen","WR","NA",216,216,0,1456,582
"Jalen Hurd","WR","NA",216,216,0,1457,583
"Alshon Jeffery","WR","NA",216,216,0,1458,584
"KeeSean Johnson","WR","BUF",216,216,0,1459,585
"Josh Malone","WR","NA",216,216,0,1460,586
"Da'Mari Scott","WR","NA",216,216,0,1461,587
"Micah Simon","WR","NA",216,216,0,1462,588
"Jack Sorenson","WR","NA",216,216,0,1463,589
"DeAndrew White","WR","NA",216,216,0,1464,590
"Seth Williams","WR","JAX",216,216,0,1465,591
"Marquez Stevenson","WR","CLE",216,216,0,1466,592
"Freddie Swain","WR","MIA",216,216,0,1467,593
"Antoine Wesley","WR","NA",216,216,0,1468,594
"Rasheen Ali","RB","NA",216,216,0,1469,367
"Demond Demas","WR","NA",216,216,0,1470,595
"Trejan Bridges","WR","NA",216,216,0,1471,596
"Jadakis Bonds","WR","NA",216,216,0,1472,597
"Tyrone Scott","WR","NA",216,216,0,1473,598
"Benny Snell","RB","NA",216,216,0,1474,368
"Breshad Perriman","WR","NA",216,216,0,1475,599
"Stephen Anderson","TE","NA",216,216,0,1476,323
"Jacob Harris","WR","LAR",216,216,0,1477,600
"Derrick Gore","RB","NO",216,216,0,1478,369
"John Kelly","RB","CLE",216,216,0,1479,370
"Phillip Lindsay","RB","NA",216,216,0,1480,371
"Jeremy McNichols","RB","NA",216,216,0,1481,372
"Paul Perkins","RB","NA",216,216,0,1482,373
"Qadree Ollison","RB","JAX",216,216,0,1483,374
"J.J. Taylor","RB","NE",216,216,0,1484,375
"Antonio Williams","RB","NA",216,216,0,1485,376
"Ian Bunting","TE","NA",216,216,0,1486,324
"Zach Davidson","TE","BUF",216,216,0,1487,325
"Kalif Jackson","TE","NA",216,216,0,1488,326
"Nick Keizer","TE","NA",216,216,0,1489,327
"Cameron Batson","WR","NA",216,216,0,1490,601
"Will Rogers","QB","NA",216,216,0,1491,187
"Mykel Jones","WR","NA",216,216,0,1492,602
"Greg Olsen","TE","NA",216,216,0,1493,328
"Michael Roberts","TE","NA",216,216,0,1494,329
"Jace Sternberger","TE","NA",216,216,0,1495,330
"Jason Vander Laan","TE","NA",216,216,0,1496,331
"Colin Thompson","TE","NA",216,216,0,1497,332
"Deon Yelder","TE","NA",216,216,0,1498,333
"Quincy Adeboyejo","WR","NA",216,216,0,1499,603
"J.J. Arcega-Whiteside","WR","NA",216,216,0,1500,604
"Andre Baccellia","WR","ARI",216,216,0,1501,605
"Chad Beebe","WR","NA",216,216,0,1502,606
"Dan Chisena","WR","PIT",216,216,0,1503,607
"Tony Brown","WR","NA",216,216,0,1504,608
"Danny Davis","WR","NA",216,216,0,1505,609
"Rashard Davis","WR","NA",216,216,0,1506,610
"Josh Doctson","WR","NA",216,216,0,1507,611
"Antonio Gandy-Golden","WR","NA",216,216,0,1508,612
"Adam Humphries","WR","NA",216,216,0,1509,613
"Lance Lenoir","WR","NA",216,216,0,1510,614
"Marqise Lee","WR","NA",216,216,0,1511,615
"Tre Nixon","WR","NE",216,216,0,1512,616
"EJ Williams","WR","NA",216,216,0,1513,617
"Matt Ryan","QB","NA",216,216,0,1514,188
"O.J. Howard","TE","LV",216,216,0,1515,334
"Amari Rodgers","WR","HOU",216,216,0,1516,618
"Phillip Dorsett","WR","LV",216,216,0,1517,619
"Dareke Young","WR","SEA",216,216,0,1518,620
"Eric Dungey","QB","NA",216,216,0,1519,189
"David Fales","QB","NA",216,216,0,1520,190
"Jake Rudock","QB","NA",216,216,0,1521,191
"Davis Webb","QB","NA",216,216,0,1522,192
"Tony Brooks-James","RB","NA",216,216,0,1523,377
"Mike Davis","RB","NA",216,216,0,1524,378
"Austin Allen","TE","GB",216,216,0,1525,335
"Hakeem Butler","TE","PIT",216,216,0,1526,336
"Cethan Carter","TE","NA",216,216,0,1527,337
"Seth Green","TE","DAL",216,216,0,1528,338
"Carson Meier","TE","NA",216,216,0,1529,339
"Cody Core","WR","NA",216,216,0,1530,621
"Ty Fryfogle","WR","KC",216,216,0,1531,622
"Ted Ginn","WR","NA",216,216,0,1532,623
"Jontre Kirklin","WR","NA",216,216,0,1533,624
"Racey McMath","WR","TEN",216,216,0,1534,625
"Myron Mitchell","WR","NA",216,216,0,1535,626
"Emmanuel Sanders","WR","NA",216,216,0,1536,627
"Willie Snead","WR","SF",216,216,0,1537,628
"Michael Walker","WR","NA",216,216,0,1538,629
"Theo Johnson","TE","NA",216,216,0,1539,340
"Cody Latimer","WR","NA",216,216,0,1540,630
"Javon McKinley","WR","NA",216,216,0,1541,631
"JoJo Natson","WR","NA",216,216,0,1542,632
"Dazz Newsome","WR","SF",216,216,0,1543,633
"Brandon Thomas","RB","NA",216,216,0,1544,379
"Keytaon Thompson","WR","DET",216,216,0,1545,634
"Tyron Johnson","WR","SF",216,216,0,1546,635
"Jason Moore","WR","NA",216,216,0,1547,636
"Zander Horvath","RB","LAC",216,216,0,1548,380
"Feleipe Franks","TE","ATL",216,216,0,1549,341
"Alex Armah","RB","WAS",216,216,0,1550,381
"Alex Collins","RB","NA",216,216,0,1551,382
"David Fluellen","RB","NA",216,216,0,1552,383
"Frank Gore","RB","NA",216,216,0,1553,384
"Tyler Gaffney","RB","NA",216,216,0,1554,385
"Ben Ellefson","TE","MIN",216,216,0,1555,342
"Nick Muse","TE","MIN",216,216,0,1556,343
"Gerrit Prince","TE","JAX",216,216,0,1557,344
"Taylor Gabriel","WR","NA",216,216,0,1558,637
"Johnny Holton","WR","NA",216,216,0,1559,638
"Kalija Lipscomb","WR","NA",216,216,0,1560,639
"D.J. Montgomery","WR","NA",216,216,0,1561,640
"Golden Tate","WR","NA",216,216,0,1562,641
"Jester Weah","WR","NA",216,216,0,1563,642
"Tim DeMorat","QB","NA",216,216,0,1564,193
"Antoine Winfield","WR","NA",216,216,0,1565,643
